Workbook

Sheet README
A1: TA metric map: from metric to warehouse
A2: Fill three small lists. Joined together they show which fields and tables every metric and product depends on, and where the custom business rules live.
A4: How it fits together
A5: Products | B5: What people look at: the scorecard, dashboards, data pulls. One row per product.
A6: Metrics | B6: What is measured, with its definition and reporting population. One row per metric.
A7: Metric to Product | B7: Which products show which metrics. One row per metric per product.
A8: Fields | B8: The columns the metrics need, raw or derived. Derived fields carry the business rule in the Logic column. One row per field.
A9: Metric to Field | B9: Which fields each metric needs and the role each plays. One row per metric per field.
A10: Pattern | B10: Read-only. Formulas that count reuse: fields shared by many metrics, products that depend on a field, fields with data issues. This is where the architecture shows itself.
A12: How to fill it in
A13: 1 | B13: Add each product on Products. The ID (P-001, P-002 ...) is yours to assign; keep it unique.
A14: 2 | B14: Add each metric on Metrics. Write the definition in plain words, and name the reporting population (which reqs or hires are in scope).
A15: 3 | B15: On Metric to Product, add one row for every place the metric appears. Type the IDs; names fill in automatically.
A16: 4 | B16: Add every field a metric needs on Fields. Raw fields come straight from a warehouse table: leave Derived from and Logic blank. Derived fields are built by our team: say which fields feed them and write the rule.
A17: 5 | B17: On Metric to Field, add one row per field each metric needs, and say what role it plays (start of clock, end of clock, exclusion, attribution, dimension).
A18: 6 | B18: Open Pattern. Nothing to fill; read it.
A20: Reading the pattern
A21: Shared fields | B21: A field used by many metrics is a candidate column for a certified table.
A22: Derived fields | B22: Every field with Logic filled in is part of the business layer. Filter Fields by Type = Derived to see the whole layer.
A23: Fields with issues | B23: A field marked Issue that many metrics depend on goes to the top of the audit list for upstream fixes.
A25: Colour code
A26: Dark blue header | B26: Column names.
A27: Light blue cells | B27: IDs. Type them; they are the keys that join the sheets.
A28: Cream cells | B28: Free text for the team to fill in.
A29: Green text | B29: Formulas. Do not type over them.
A31: Examples | B31: The first rows on each sheet are worked examples (cycle time and recruiter credit). Replace or extend them.

Sheet Products
A1: Products
A2: One row per product people look at. ID is the key used on Metric to Product.
A4: Product ID | B4: Product name | C4: Type | D4: Tool | E4: Audience | F4: Owner | G4: Notes
A5: P-001 | B5: TA scorecard | C5: Scorecard | D5: Tableau | E5: Executives | G5: Example row
A6: P-002 | B6: Recruiter view | C6: Dashboard | D6: Tableau | E6: Recruiting team | G6: Example row
A7: P-003 | B7: Hiring manager view | C7: Dashboard | D7: Tableau | E7: Hiring managers | G7: Example row

Sheet Metrics
A1: Metrics
A2: One row per metric. The definition is the agreed rule in plain words; the population says which reqs or hires are counted.
A4: Metric ID | B4: Metric name | C4: Definition (plain words) | D4: Reporting population | E4: Grain (one row per) | F4: Unit | G4: Status | H4: Owner | I4: Products using it | J4: Fields needed | K4: Notes
A5: M-001 | B5: Cycle time (approved to accepted) | C5: Calendar days from requisition approval to offer acceptance. If a requisition is transferred, the clock keeps running from the original approval date. | D5: Standard requisitions only. Evergreen and cancelled requisitions excluded. | E5: Opening | F5: Days | G5: Draft | I5: =IF(A5="","",COUNTIF('Metric to Product'!$A:$A,A5)) -> 3 | J5: =IF(A5="","",COUNTIF('Metric to Field'!$A:$A,A5)) -> 5 | K5: Example row. One of several clocks called cycle time today; this is the proposed scorecard version.
A6: M-002 | B6: Hires by recruiter | C6: Count of accepted offers credited to a recruiter. Credit goes to the recruiter who owned the requisition at the time of offer. | D6: All accepted offers in the period. | E6: Hire | F6: Count | G6: Draft | I6: =IF(A6="","",COUNTIF('Metric to Product'!$A:$A,A6)) -> 1 | J6: =IF(A6="","",COUNTIF('Metric to Field'!$A:$A,A6)) -> 2 | K6: Example row. Shows how an attribution rule becomes a derived field.
I7: =IF(A7="","",COUNTIF('Metric to Product'!$A:$A,A7)) | J7: =IF(A7="","",COUNTIF('Metric to Field'!$A:$A,A7))
I8: =IF(A8="","",COUNTIF('Metric to Product'!$A:$A,A8)) | J8: =IF(A8="","",COUNTIF('Metric to Field'!$A:$A,A8))
I9: =IF(A9="","",COUNTIF('Metric to Product'!$A:$A,A9)) | J9: =IF(A9="","",COUNTIF('Metric to Field'!$A:$A,A9))
I10: =IF(A10="","",COUNTIF('Metric to Product'!$A:$A,A10)) | J10: =IF(A10="","",COUNTIF('Metric to Field'!$A:$A,A10))
I11: =IF(A11="","",COUNTIF('Metric to Product'!$A:$A,A11)) | J11: =IF(A11="","",COUNTIF('Metric to Field'!$A:$A,A11))
I12: =IF(A12="","",COUNTIF('Metric to Product'!$A:$A,A12)) | J12: =IF(A12="","",COUNTIF('Metric to Field'!$A:$A,A12))
I13: =IF(A13="","",COUNTIF('Metric to Product'!$A:$A,A13)) | J13: =IF(A13="","",COUNTIF('Metric to Field'!$A:$A,A13))
I14: =IF(A14="","",COUNTIF('Metric to Product'!$A:$A,A14)) | J14: =IF(A14="","",COUNTIF('Metric to Field'!$A:$A,A14))
I15: =IF(A15="","",COUNTIF('Metric to Product'!$A:$A,A15)) | J15: =IF(A15="","",COUNTIF('Metric to Field'!$A:$A,A15))
I16: =IF(A16="","",COUNTIF('Metric to Product'!$A:$A,A16)) | J16: =IF(A16="","",COUNTIF('Metric to Field'!$A:$A,A16))
I17: =IF(A17="","",COUNTIF('Metric to Product'!$A:$A,A17)) | J17: =IF(A17="","",COUNTIF('Metric to Field'!$A:$A,A17))
I18: =IF(A18="","",COUNTIF('Metric to Product'!$A:$A,A18)) | J18: =IF(A18="","",COUNTIF('Metric to Field'!$A:$A,A18))
... I64: =IF(A64="","",COUNTIF('Metric to Product'!$A:$A,A64)) | J64: =IF(A64="","",COUNTIF('Metric to Field'!$A:$A,A64))

Sheet Metric to Product
A1: Metric to Product
A2: One row per place a metric appears. Type the two IDs; names fill in.
A4: Metric ID | B4: Product ID | C4: Metric name | D4: Product name | E4: How it is shown | F4: Notes
A5: M-001 | B5: P-001 | C5: =IF(A5="","",IFERROR(INDEX(Metrics!$B:$B,MATCH(A5,Metrics!$A:$A,0)),"ID not found")) -> Cycle time (approved to accepted) | D5: =IF(B5="","",IFERROR(INDEX(Products!$B:$B,MATCH(B5,Products!$A:$A,0)),"ID not found")) -> TA scorecard | E5: Headline tile, quarterly average | F5: Example row
A6: M-001 | B6: P-002 | C6: =IF(A6="","",IFERROR(INDEX(Metrics!$B:$B,MATCH(A6,Metrics!$A:$A,0)),"ID not found")) -> Cycle time (approved to accepted) | D6: =IF(B6="","",IFERROR(INDEX(Products!$B:$B,MATCH(B6,Products!$A:$A,0)),"ID not found")) -> Recruiter view | E6: Trend by recruiter, monthly | F6: Example row
A7: M-001 | B7: P-003 | C7: =IF(A7="","",IFERROR(INDEX(Metrics!$B:$B,MATCH(A7,Metrics!$A:$A,0)),"ID not found")) -> Cycle time (approved to accepted) | D7: =IF(B7="","",IFERROR(INDEX(Products!$B:$B,MATCH(B7,Products!$A:$A,0)),"ID not found")) -> Hiring manager view | E7: Average per hiring manager | F7: Example row
A8: M-002 | B8: P-002 | C8: =IF(A8="","",IFERROR(INDEX(Metrics!$B:$B,MATCH(A8,Metrics!$A:$A,0)),"ID not found")) -> Hires by recruiter | D8: =IF(B8="","",IFERROR(INDEX(Products!$B:$B,MATCH(B8,Products!$A:$A,0)),"ID not found")) -> Recruiter view | E8: Bar by recruiter, quarter to date | F8: Example row
C9: =IF(A9="","",IFERROR(INDEX(Metrics!$B:$B,MATCH(A9,Metrics!$A:$A,0)),"ID not found")) | D9: =IF(B9="","",IFERROR(INDEX(Products!$B:$B,MATCH(B9,Products!$A:$A,0)),"ID not found"))
C10: =IF(A10="","",IFERROR(INDEX(Metrics!$B:$B,MATCH(A10,Metrics!$A:$A,0)),"ID not found")) | D10: =IF(B10="","",IFERROR(INDEX(Products!$B:$B,MATCH(B10,Products!$A:$A,0)),"ID not found"))
C11: =IF(A11="","",IFERROR(INDEX(Metrics!$B:$B,MATCH(A11,Metrics!$A:$A,0)),"ID not found")) | D11: =IF(B11="","",IFERROR(INDEX(Products!$B:$B,MATCH(B11,Products!$A:$A,0)),"ID not found"))
C12: =IF(A12="","",IFERROR(INDEX(Metrics!$B:$B,MATCH(A12,Metrics!$A:$A,0)),"ID not found")) | D12: =IF(B12="","",IFERROR(INDEX(Products!$B:$B,MATCH(B12,Products!$A:$A,0)),"ID not found"))
C13: =IF(A13="","",IFERROR(INDEX(Metrics!$B:$B,MATCH(A13,Metrics!$A:$A,0)),"ID not found")) | D13: =IF(B13="","",IFERROR(INDEX(Products!$B:$B,MATCH(B13,Products!$A:$A,0)),"ID not found"))
C14: =IF(A14="","",IFERROR(INDEX(Metrics!$B:$B,MATCH(A14,Metrics!$A:$A,0)),"ID not found")) | D14: =IF(B14="","",IFERROR(INDEX(Products!$B:$B,MATCH(B14,Products!$A:$A,0)),"ID not found"))
C15: =IF(A15="","",IFERROR(INDEX(Metrics!$B:$B,MATCH(A15,Metrics!$A:$A,0)),"ID not found")) | D15: =IF(B15="","",IFERROR(INDEX(Products!$B:$B,MATCH(B15,Products!$A:$A,0)),"ID not found"))
C16: =IF(A16="","",IFERROR(INDEX(Metrics!$B:$B,MATCH(A16,Metrics!$A:$A,0)),"ID not found")) | D16: =IF(B16="","",IFERROR(INDEX(Products!$B:$B,MATCH(B16,Products!$A:$A,0)),"ID not found"))
C17: =IF(A17="","",IFERROR(INDEX(Metrics!$B:$B,MATCH(A17,Metrics!$A:$A,0)),"ID not found")) | D17: =IF(B17="","",IFERROR(INDEX(Products!$B:$B,MATCH(B17,Products!$A:$A,0)),"ID not found"))
C18: =IF(A18="","",IFERROR(INDEX(Metrics!$B:$B,MATCH(A18,Metrics!$A:$A,0)),"ID not found")) | D18: =IF(B18="","",IFERROR(INDEX(Products!$B:$B,MATCH(B18,Products!$A:$A,0)),"ID not found"))
C19: =IF(A19="","",IFERROR(INDEX(Metrics!$B:$B,MATCH(A19,Metrics!$A:$A,0)),"ID not found")) | D19: =IF(B19="","",IFERROR(INDEX(Products!$B:$B,MATCH(B19,Products!$A:$A,0)),"ID not found"))
C20: =IF(A20="","",IFERROR(INDEX(Metrics!$B:$B,MATCH(A20,Metrics!$A:$A,0)),"ID not found")) | D20: =IF(B20="","",IFERROR(INDEX(Products!$B:$B,MATCH(B20,Products!$A:$A,0)),"ID not found"))
... C64: =IF(A64="","",IFERROR(INDEX(Metrics!$B:$B,MATCH(A64,Metrics!$A:$A,0)),"ID not found")) | D64: =IF(B64="","",IFERROR(INDEX(Products!$B:$B,MATCH(B64,Products!$A:$A,0)),"ID not found"))

Sheet Fields
A1: Fields
A2: One row per field the metrics need. Raw fields come straight from a table; Derived fields are built by our team and carry the rule in Logic. Every Derived row is part of the business layer.
A4: Field ID | B4: Field name | C4: Type | D4: Source table | E4: Source layer | F4: Derived from (field IDs) | G4: Logic (the business rule) | H4: Data quality | I4: Issue / note | J4: Metrics using it | K4: Products reached
A5: F-001 | B5: Requisition approved date | C5: Raw | D5: HRDW requisition table | E5: HRDW | H5: Clean | I5: Example row | J5: =IF(A5="","",COUNTIF('Metric to Field'!$B:$B,A5)) -> 1 | K5: =IF(A5="","",SUMPRODUCT(('Metric to Field'!$B$5:$B$64=A5)*('Metric to Field'!$F$5:$F$64))) -> 3
A6: F-002 | B6: Offer accepted date | C6: Raw | D6: HRDW offer table | E6: HRDW | H6: Clean | I6: Example row | J6: =IF(A6="","",COUNTIF('Metric to Field'!$B:$B,A6)) -> 2 | K6: =IF(A6="","",SUMPRODUCT(('Metric to Field'!$B$5:$B$64=A6)*('Metric to Field'!$F$5:$F$64))) -> 4
A7: F-003 | B7: Evergreen flag | C7: Raw | D7: HRDW requisition table | E7: HRDW | H7: Issue | I7: Example row. Flag arrives blank for some requisitions; needs an upstream fix. | J7: =IF(A7="","",COUNTIF('Metric to Field'!$B:$B,A7)) -> 1 | K7: =IF(A7="","",SUMPRODUCT(('Metric to Field'!$B$5:$B$64=A7)*('Metric to Field'!$F$5:$F$64))) -> 3
A8: F-004 | B8: Requisition status | C8: Raw | D8: HRDW requisition table | E8: HRDW | H8: Clean | I8: Example row | J8: =IF(A8="","",COUNTIF('Metric to Field'!$B:$B,A8)) -> 1 | K8: =IF(A8="","",SUMPRODUCT(('Metric to Field'!$B$5:$B$64=A8)*('Metric to Field'!$F$5:$F$64))) -> 3
A9: F-005 | B9: Original requisition link | C9: Derived | D9: Team: requisition linkage table | E9: Team custom | F9: F-006 | G9: When a requisition is transferred, map the new requisition ID to the original so the clock continues from the original approval date. | H9: Unknown | I9: Example row. Does not exist upstream; only our team builds it. | J9: =IF(A9="","",COUNTIF('Metric to Field'!$B:$B,A9)) -> 1 | K9: =IF(A9="","",SUMPRODUCT(('Metric to Field'!$B$5:$B$64=A9)*('Metric to Field'!$F$5:$F$64))) -> 3
A10: F-006 | B10: Requisition transfer history | C10: Raw | D10: HRDW requisition history table | E10: HRDW | H10: Unknown | I10: Example row | J10: =IF(A10="","",COUNTIF('Metric to Field'!$B:$B,A10)) -> 0 | K10: =IF(A10="","",SUMPRODUCT(('Metric to Field'!$B$5:$B$64=A10)*('Metric to Field'!$F$5:$F$64))) -> 0
A11: F-007 | B11: Requisition owner history | C11: Raw | D11: HRDW requisition history table | E11: HRDW | H11: Clean | I11: Example row | J11: =IF(A11="","",COUNTIF('Metric to Field'!$B:$B,A11)) -> 0 | K11: =IF(A11="","",SUMPRODUCT(('Metric to Field'!$B$5:$B$64=A11)*('Metric to Field'!$F$5:$F$64))) -> 0
A12: F-008 | B12: Credited recruiter | C12: Derived | D12: Team: application table | E12: Team custom | F12: F-007, F-002 | G12: Recruiter who owned the requisition on the offer accepted date. Not the recruiter tagged on the requisition today. | H12: Unknown | I12: Example row. The attribution rule to agree with TAAA. | J12: =IF(A12="","",COUNTIF('Metric to Field'!$B:$B,A12)) -> 1 | K12: =IF(A12="","",SUMPRODUCT(('Metric to Field'!$B$5:$B$64=A12)*('Metric to Field'!$F$5:$F$64))) -> 1
J13: =IF(A13="","",COUNTIF('Metric to Field'!$B:$B,A13)) | K13: =IF(A13="","",SUMPRODUCT(('Metric to Field'!$B$5:$B$64=A13)*('Metric to Field'!$F$5:$F$64)))
J14: =IF(A14="","",COUNTIF('Metric to Field'!$B:$B,A14)) | K14: =IF(A14="","",SUMPRODUCT(('Metric to Field'!$B$5:$B$64=A14)*('Metric to Field'!$F$5:$F$64)))
J15: =IF(A15="","",COUNTIF('Metric to Field'!$B:$B,A15)) | K15: =IF(A15="","",SUMPRODUCT(('Metric to Field'!$B$5:$B$64=A15)*('Metric to Field'!$F$5:$F$64)))
J16: =IF(A16="","",COUNTIF('Metric to Field'!$B:$B,A16)) | K16: =IF(A16="","",SUMPRODUCT(('Metric to Field'!$B$5:$B$64=A16)*('Metric to Field'!$F$5:$F$64)))
J17: =IF(A17="","",COUNTIF('Metric to Field'!$B:$B,A17)) | K17: =IF(A17="","",SUMPRODUCT(('Metric to Field'!$B$5:$B$64=A17)*('Metric to Field'!$F$5:$F$64)))
J18: =IF(A18="","",COUNTIF('Metric to Field'!$B:$B,A18)) | K18: =IF(A18="","",SUMPRODUCT(('Metric to Field'!$B$5:$B$64=A18)*('Metric to Field'!$F$5:$F$64)))
J19: =IF(A19="","",COUNTIF('Metric to Field'!$B:$B,A19)) | K19: =IF(A19="","",SUMPRODUCT(('Metric to Field'!$B$5:$B$64=A19)*('Metric to Field'!$F$5:$F$64)))
J20: =IF(A20="","",COUNTIF('Metric to Field'!$B:$B,A20)) | K20: =IF(A20="","",SUMPRODUCT(('Metric to Field'!$B$5:$B$64=A20)*('Metric to Field'!$F$5:$F$64)))
J21: =IF(A21="","",COUNTIF('Metric to Field'!$B:$B,A21)) | K21: =IF(A21="","",SUMPRODUCT(('Metric to Field'!$B$5:$B$64=A21)*('Metric to Field'!$F$5:$F$64)))
J22: =IF(A22="","",COUNTIF('Metric to Field'!$B:$B,A22)) | K22: =IF(A22="","",SUMPRODUCT(('Metric to Field'!$B$5:$B$64=A22)*('Metric to Field'!$F$5:$F$64)))
J23: =IF(A23="","",COUNTIF('Metric to Field'!$B:$B,A23)) | K23: =IF(A23="","",SUMPRODUCT(('Metric to Field'!$B$5:$B$64=A23)*('Metric to Field'!$F$5:$F$64)))
J24: =IF(A24="","",COUNTIF('Metric to Field'!$B:$B,A24)) | K24: =IF(A24="","",SUMPRODUCT(('Metric to Field'!$B$5:$B$64=A24)*('Metric to Field'!$F$5:$F$64)))
... J64: =IF(A64="","",COUNTIF('Metric to Field'!$B:$B,A64)) | K64: =IF(A64="","",SUMPRODUCT(('Metric to Field'!$B$5:$B$64=A64)*('Metric to Field'!$F$5:$F$64)))

Sheet Metric to Field
A1: Metric to Field
A2: One row per field a metric needs. Type the two IDs; names fill in. Role says what the field does in the calculation.
A4: Metric ID | B4: Field ID | C4: Metric name | D4: Field name | E4: Role in the metric | F4: Products using this metric | G4: Notes
A5: M-001 | B5: F-001 | C5: =IF(A5="","",IFERROR(INDEX(Metrics!$B:$B,MATCH(A5,Metrics!$A:$A,0)),"ID not found")) -> Cycle time (approved to accepted) | D5: =IF(B5="","",IFERROR(INDEX(Fields!$B:$B,MATCH(B5,Fields!$A:$A,0)),"ID not found")) -> Requisition approved date | E5: Start of clock | F5: =IF(A5="",0,COUNTIF('Metric to Product'!$A:$A,A5)) -> 3 | G5: Example row
A6: M-001 | B6: F-002 | C6: =IF(A6="","",IFERROR(INDEX(Metrics!$B:$B,MATCH(A6,Metrics!$A:$A,0)),"ID not found")) -> Cycle time (approved to accepted) | D6: =IF(B6="","",IFERROR(INDEX(Fields!$B:$B,MATCH(B6,Fields!$A:$A,0)),"ID not found")) -> Offer accepted date | E6: End of clock | F6: =IF(A6="",0,COUNTIF('Metric to Product'!$A:$A,A6)) -> 3 | G6: Example row
A7: M-001 | B7: F-003 | C7: =IF(A7="","",IFERROR(INDEX(Metrics!$B:$B,MATCH(A7,Metrics!$A:$A,0)),"ID not found")) -> Cycle time (approved to accepted) | D7: =IF(B7="","",IFERROR(INDEX(Fields!$B:$B,MATCH(B7,Fields!$A:$A,0)),"ID not found")) -> Evergreen flag | E7: Exclusion | F7: =IF(A7="",0,COUNTIF('Metric to Product'!$A:$A,A7)) -> 3 | G7: Example row
A8: M-001 | B8: F-004 | C8: =IF(A8="","",IFERROR(INDEX(Metrics!$B:$B,MATCH(A8,Metrics!$A:$A,0)),"ID not found")) -> Cycle time (approved to accepted) | D8: =IF(B8="","",IFERROR(INDEX(Fields!$B:$B,MATCH(B8,Fields!$A:$A,0)),"ID not found")) -> Requisition status | E8: Exclusion | F8: =IF(A8="",0,COUNTIF('Metric to Product'!$A:$A,A8)) -> 3 | G8: Example row
A9: M-001 | B9: F-005 | C9: =IF(A9="","",IFERROR(INDEX(Metrics!$B:$B,MATCH(A9,Metrics!$A:$A,0)),"ID not found")) -> Cycle time (approved to accepted) | D9: =IF(B9="","",IFERROR(INDEX(Fields!$B:$B,MATCH(B9,Fields!$A:$A,0)),"ID not found")) -> Original requisition link | E9: Linkage | F9: =IF(A9="",0,COUNTIF('Metric to Product'!$A:$A,A9)) -> 3 | G9: Example row
A10: M-002 | B10: F-002 | C10: =IF(A10="","",IFERROR(INDEX(Metrics!$B:$B,MATCH(A10,Metrics!$A:$A,0)),"ID not found")) -> Hires by recruiter | D10: =IF(B10="","",IFERROR(INDEX(Fields!$B:$B,MATCH(B10,Fields!$A:$A,0)),"ID not found")) -> Offer accepted date | E10: Event counted | F10: =IF(A10="",0,COUNTIF('Metric to Product'!$A:$A,A10)) -> 1 | G10: Example row
A11: M-002 | B11: F-008 | C11: =IF(A11="","",IFERROR(INDEX(Metrics!$B:$B,MATCH(A11,Metrics!$A:$A,0)),"ID not found")) -> Hires by recruiter | D11: =IF(B11="","",IFERROR(INDEX(Fields!$B:$B,MATCH(B11,Fields!$A:$A,0)),"ID not found")) -> Credited recruiter | E11: Attribution | F11: =IF(A11="",0,COUNTIF('Metric to Product'!$A:$A,A11)) -> 1 | G11: Example row
C12: =IF(A12="","",IFERROR(INDEX(Metrics!$B:$B,MATCH(A12,Metrics!$A:$A,0)),"ID not found")) | D12: =IF(B12="","",IFERROR(INDEX(Fields!$B:$B,MATCH(B12,Fields!$A:$A,0)),"ID not found")) | F12: =IF(A12="",0,COUNTIF('Metric to Product'!$A:$A,A12)) -> 0
C13: =IF(A13="","",IFERROR(INDEX(Metrics!$B:$B,MATCH(A13,Metrics!$A:$A,0)),"ID not found")) | D13: =IF(B13="","",IFERROR(INDEX(Fields!$B:$B,MATCH(B13,Fields!$A:$A,0)),"ID not found")) | F13: =IF(A13="",0,COUNTIF('Metric to Product'!$A:$A,A13)) -> 0
C14: =IF(A14="","",IFERROR(INDEX(Metrics!$B:$B,MATCH(A14,Metrics!$A:$A,0)),"ID not found")) | D14: =IF(B14="","",IFERROR(INDEX(Fields!$B:$B,MATCH(B14,Fields!$A:$A,0)),"ID not found")) | F14: =IF(A14="",0,COUNTIF('Metric to Product'!$A:$A,A14)) -> 0
C15: =IF(A15="","",IFERROR(INDEX(Metrics!$B:$B,MATCH(A15,Metrics!$A:$A,0)),"ID not found")) | D15: =IF(B15="","",IFERROR(INDEX(Fields!$B:$B,MATCH(B15,Fields!$A:$A,0)),"ID not found")) | F15: =IF(A15="",0,COUNTIF('Metric to Product'!$A:$A,A15)) -> 0
C16: =IF(A16="","",IFERROR(INDEX(Metrics!$B:$B,MATCH(A16,Metrics!$A:$A,0)),"ID not found")) | D16: =IF(B16="","",IFERROR(INDEX(Fields!$B:$B,MATCH(B16,Fields!$A:$A,0)),"ID not found")) | F16: =IF(A16="",0,COUNTIF('Metric to Product'!$A:$A,A16)) -> 0
C17: =IF(A17="","",IFERROR(INDEX(Metrics!$B:$B,MATCH(A17,Metrics!$A:$A,0)),"ID not found")) | D17: =IF(B17="","",IFERROR(INDEX(Fields!$B:$B,MATCH(B17,Fields!$A:$A,0)),"ID not found")) | F17: =IF(A17="",0,COUNTIF('Metric to Product'!$A:$A,A17)) -> 0
C18: =IF(A18="","",IFERROR(INDEX(Metrics!$B:$B,MATCH(A18,Metrics!$A:$A,0)),"ID not found")) | D18: =IF(B18="","",IFERROR(INDEX(Fields!$B:$B,MATCH(B18,Fields!$A:$A,0)),"ID not found")) | F18: =IF(A18="",0,COUNTIF('Metric to Product'!$A:$A,A18)) -> 0
C19: =IF(A19="","",IFERROR(INDEX(Metrics!$B:$B,MATCH(A19,Metrics!$A:$A,0)),"ID not found")) | D19: =IF(B19="","",IFERROR(INDEX(Fields!$B:$B,MATCH(B19,Fields!$A:$A,0)),"ID not found")) | F19: =IF(A19="",0,COUNTIF('Metric to Product'!$A:$A,A19)) -> 0
C20: =IF(A20="","",IFERROR(INDEX(Metrics!$B:$B,MATCH(A20,Metrics!$A:$A,0)),"ID not found")) | D20: =IF(B20="","",IFERROR(INDEX(Fields!$B:$B,MATCH(B20,Fields!$A:$A,0)),"ID not found")) | F20: =IF(A20="",0,COUNTIF('Metric to Product'!$A:$A,A20)) -> 0
C21: =IF(A21="","",IFERROR(INDEX(Metrics!$B:$B,MATCH(A21,Metrics!$A:$A,0)),"ID not found")) | D21: =IF(B21="","",IFERROR(INDEX(Fields!$B:$B,MATCH(B21,Fields!$A:$A,0)),"ID not found")) | F21: =IF(A21="",0,COUNTIF('Metric to Product'!$A:$A,A21)) -> 0
C22: =IF(A22="","",IFERROR(INDEX(Metrics!$B:$B,MATCH(A22,Metrics!$A:$A,0)),"ID not found")) | D22: =IF(B22="","",IFERROR(INDEX(Fields!$B:$B,MATCH(B22,Fields!$A:$A,0)),"ID not found")) | F22: =IF(A22="",0,COUNTIF('Metric to Product'!$A:$A,A22)) -> 0
C23: =IF(A23="","",IFERROR(INDEX(Metrics!$B:$B,MATCH(A23,Metrics!$A:$A,0)),"ID not found")) | D23: =IF(B23="","",IFERROR(INDEX(Fields!$B:$B,MATCH(B23,Fields!$A:$A,0)),"ID not found")) | F23: =IF(A23="",0,COUNTIF('Metric to Product'!$A:$A,A23)) -> 0
... C64: =IF(A64="","",IFERROR(INDEX(Metrics!$B:$B,MATCH(A64,Metrics!$A:$A,0)),"ID not found")) | D64: =IF(B64="","",IFERROR(INDEX(Fields!$B:$B,MATCH(B64,Fields!$A:$A,0)),"ID not found")) | F64: =IF(A64="",0,COUNTIF('Metric to Product'!$A:$A,A64)) -> 0

Sheet Pattern
A1: Pattern
A2: Read-only. What the three lists say when joined. Sort any table by its count column to see what matters most.
A4: Metrics | B4: Products | C4: Fields | D4: Derived fields | E4: Fields with issues | F4: Metrics not yet agreed
A5: =COUNTA(Metrics!A5:A64) -> 2 | B5: =COUNTA(Products!A5:A64) -> 3 | C5: =COUNTA(Fields!A5:A64) -> 8 | D5: =COUNTIF(Fields!C5:C64,"Derived") -> 2 | E5: =COUNTIF(Fields!H5:H64,"Issue") -> 1 | F5: =COUNTIF(Metrics!G5:G64,"Draft")+COUNTIF(Metrics!G5:G64,"Under review") -> 2
A8: Fields: how widely each is reused | J8: Metrics: reach and readiness
A9: Field ID | B9: Field name | C9: Type | D9: Source layer | E9: Data quality | F9: Metrics using it | G9: Products reached | H9: In business layer? | J9: Metric ID | K9: Metric name | L9: Status | M9: Products | N9: Fields | O9: Fields with issues
A10: =IF(Fields!A5="","",Fields!A5) -> F-001 | B10: =IF(Fields!A5="","",Fields!B5) -> Requisition approved date | C10: =IF(Fields!A5="","",Fields!C5) -> Raw | D10: =IF(Fields!A5="","",Fields!E5) -> HRDW | E10: =IF(Fields!A5="","",Fields!H5) -> Clean | F10: =IF(Fields!A5="","",Fields!J5) -> 1 | G10: =IF(Fields!A5="","",Fields!K5) -> 3 | H10: =IF(Fields!A5="","",IF(Fields!C5="Derived","Yes","No")) -> No | J10: =IF(Metrics!A5="","",Metrics!A5) -> M-001 | K10: =IF(Metrics!A5="","",Metrics!B5) -> Cycle time (approved to accepted) | L10: =IF(Metrics!A5="","",Metrics!G5) -> Draft | M10: =IF(Metrics!A5="","",Metrics!I5) -> 3 | N10: =IF(Metrics!A5="","",Metrics!J5) -> 5 | O10: =IF(Metrics!A5="","",SUMPRODUCT(('Metric to Field'!$A$5:$A$64=Metrics!A5)*(IFERROR(INDEX(Fields!$H$5:$H$64,MATCH('Metric to Field'!$B$5:$B$64,Fields!$A$5:$A$64,0)),"")="Issue"))) -> 1
A11: =IF(Fields!A6="","",Fields!A6) -> F-002 | B11: =IF(Fields!A6="","",Fields!B6) -> Offer accepted date | C11: =IF(Fields!A6="","",Fields!C6) -> Raw | D11: =IF(Fields!A6="","",Fields!E6) -> HRDW | E11: =IF(Fields!A6="","",Fields!H6) -> Clean | F11: =IF(Fields!A6="","",Fields!J6) -> 2 | G11: =IF(Fields!A6="","",Fields!K6) -> 4 | H11: =IF(Fields!A6="","",IF(Fields!C6="Derived","Yes","No")) -> No | J11: =IF(Metrics!A6="","",Metrics!A6) -> M-002 | K11: =IF(Metrics!A6="","",Metrics!B6) -> Hires by recruiter | L11: =IF(Metrics!A6="","",Metrics!G6) -> Draft | M11: =IF(Metrics!A6="","",Metrics!I6) -> 1 | N11: =IF(Metrics!A6="","",Metrics!J6) -> 2 | O11: =IF(Metrics!A6="","",SUMPRODUCT(('Metric to Field'!$A$5:$A$64=Metrics!A6)*(IFERROR(INDEX(Fields!$H$5:$H$64,MATCH('Metric to Field'!$B$5:$B$64,Fields!$A$5:$A$64,0)),"")="Issue"))) -> 0
A12: =IF(Fields!A7="","",Fields!A7) -> F-003 | B12: =IF(Fields!A7="","",Fields!B7) -> Evergreen flag | C12: =IF(Fields!A7="","",Fields!C7) -> Raw | D12: =IF(Fields!A7="","",Fields!E7) -> HRDW | E12: =IF(Fields!A7="","",Fields!H7) -> Issue | F12: =IF(Fields!A7="","",Fields!J7) -> 1 | G12: =IF(Fields!A7="","",Fields!K7) -> 3 | H12: =IF(Fields!A7="","",IF(Fields!C7="Derived","Yes","No")) -> No | J12: =IF(Metrics!A7="","",Metrics!A7) | K12: =IF(Metrics!A7="","",Metrics!B7) | L12: =IF(Metrics!A7="","",Metrics!G7) | M12: =IF(Metrics!A7="","",Metrics!I7) | N12: =IF(Metrics!A7="","",Metrics!J7) | O12: =IF(Metrics!A7="","",SUMPRODUCT(('Metric to Field'!$A$5:$A$64=Metrics!A7)*(IFERROR(INDEX(Fields!$H$5:$H$64,MATCH('Metric to Field'!$B$5:$B$64,Fields!$A$5:$A$64,0)),"")="Issue")))
A13: =IF(Fields!A8="","",Fields!A8) -> F-004 | B13: =IF(Fields!A8="","",Fields!B8) -> Requisition status | C13: =IF(Fields!A8="","",Fields!C8) -> Raw | D13: =IF(Fields!A8="","",Fields!E8) -> HRDW | E13: =IF(Fields!A8="","",Fields!H8) -> Clean | F13: =IF(Fields!A8="","",Fields!J8) -> 1 | G13: =IF(Fields!A8="","",Fields!K8) -> 3 | H13: =IF(Fields!A8="","",IF(Fields!C8="Derived","Yes","No")) -> No | J13: =IF(Metrics!A8="","",Metrics!A8) | K13: =IF(Metrics!A8="","",Metrics!B8) | L13: =IF(Metrics!A8="","",Metrics!G8) | M13: =IF(Metrics!A8="","",Metrics!I8) | N13: =IF(Metrics!A8="","",Metrics!J8) | O13: =IF(Metrics!A8="","",SUMPRODUCT(('Metric to Field'!$A$5:$A$64=Metrics!A8)*(IFERROR(INDEX(Fields!$H$5:$H$64,MATCH('Metric to Field'!$B$5:$B$64,Fields!$A$5:$A$64,0)),"")="Issue")))
A14: =IF(Fields!A9="","",Fields!A9) -> F-005 | B14: =IF(Fields!A9="","",Fields!B9) -> Original requisition link | C14: =IF(Fields!A9="","",Fields!C9) -> Derived | D14: =IF(Fields!A9="","",Fields!E9) -> Team custom | E14: =IF(Fields!A9="","",Fields!H9) -> Unknown | F14: =IF(Fields!A9="","",Fields!J9) -> 1 | G14: =IF(Fields!A9="","",Fields!K9) -> 3 | H14: =IF(Fields!A9="","",IF(Fields!C9="Derived","Yes","No")) -> Yes | J14: =IF(Metrics!A9="","",Metrics!A9) | K14: =IF(Metrics!A9="","",Metrics!B9) | L14: =IF(Metrics!A9="","",Metrics!G9) | M14: =IF(Metrics!A9="","",Metrics!I9) | N14: =IF(Metrics!A9="","",Metrics!J9) | O14: =IF(Metrics!A9="","",SUMPRODUCT(('Metric to Field'!$A$5:$A$64=Metrics!A9)*(IFERROR(INDEX(Fields!$H$5:$H$64,MATCH('Metric to Field'!$B$5:$B$64,Fields!$A$5:$A$64,0)),"")="Issue")))
A15: =IF(Fields!A10="","",Fields!A10) -> F-006 | B15: =IF(Fields!A10="","",Fields!B10) -> Requisition transfer history | C15: =IF(Fields!A10="","",Fields!C10) -> Raw | D15: =IF(Fields!A10="","",Fields!E10) -> HRDW | E15: =IF(Fields!A10="","",Fields!H10) -> Unknown | F15: =IF(Fields!A10="","",Fields!J10) -> 0 | G15: =IF(Fields!A10="","",Fields!K10) -> 0 | H15: =IF(Fields!A10="","",IF(Fields!C10="Derived","Yes","No")) -> No | J15: =IF(Metrics!A10="","",Metrics!A10) | K15: =IF(Metrics!A10="","",Metrics!B10) | L15: =IF(Metrics!A10="","",Metrics!G10) | M15: =IF(Metrics!A10="","",Metrics!I10) | N15: =IF(Metrics!A10="","",Metrics!J10) | O15: =IF(Metrics!A10="","",SUMPRODUCT(('Metric to Field'!$A$5:$A$64=Metrics!A10)*(IFERROR(INDEX(Fields!$H$5:$H$64,MATCH('Metric to Field'!$B$5:$B$64,Fields!$A$5:$A$64,0)),"")="Issue")))
A16: =IF(Fields!A11="","",Fields!A11) -> F-007 | B16: =IF(Fields!A11="","",Fields!B11) -> Requisition owner history | C16: =IF(Fields!A11="","",Fields!C11) -> Raw | D16: =IF(Fields!A11="","",Fields!E11) -> HRDW | E16: =IF(Fields!A11="","",Fields!H11) -> Clean | F16: =IF(Fields!A11="","",Fields!J11) -> 0 | G16: =IF(Fields!A11="","",Fields!K11) -> 0 | H16: =IF(Fields!A11="","",IF(Fields!C11="Derived","Yes","No")) -> No | J16: =IF(Metrics!A11="","",Metrics!A11) | K16: =IF(Metrics!A11="","",Metrics!B11) | L16: =IF(Metrics!A11="","",Metrics!G11) | M16: =IF(Metrics!A11="","",Metrics!I11) | N16: =IF(Metrics!A11="","",Metrics!J11) | O16: =IF(Metrics!A11="","",SUMPRODUCT(('Metric to Field'!$A$5:$A$64=Metrics!A11)*(IFERROR(INDEX(Fields!$H$5:$H$64,MATCH('Metric to Field'!$B$5:$B$64,Fields!$A$5:$A$64,0)),"")="Issue")))
A17: =IF(Fields!A12="","",Fields!A12) -> F-008 | B17: =IF(Fields!A12="","",Fields!B12) -> Credited recruiter | C17: =IF(Fields!A12="","",Fields!C12) -> Derived | D17: =IF(Fields!A12="","",Fields!E12) -> Team custom | E17: =IF(Fields!A12="","",Fields!H12) -> Unknown | F17: =IF(Fields!A12="","",Fields!J12) -> 1 | G17: =IF(Fields!A12="","",Fields!K12) -> 1 | H17: =IF(Fields!A12="","",IF(Fields!C12="Derived","Yes","No")) -> Yes | J17: =IF(Metrics!A12="","",Metrics!A12) | K17: =IF(Metrics!A12="","",Metrics!B12) | L17: =IF(Metrics!A12="","",Metrics!G12) | M17: =IF(Metrics!A12="","",Metrics!I12) | N17: =IF(Metrics!A12="","",Metrics!J12) | O17: =IF(Metrics!A12="","",SUMPRODUCT(('Metric to Field'!$A$5:$A$64=Metrics!A12)*(IFERROR(INDEX(Fields!$H$5:$H$64,MATCH('Metric to Field'!$B$5:$B$64,Fields!$A$5:$A$64,0)),"")="Issue")))
A18: =IF(Fields!A13="","",Fields!A13) | B18: =IF(Fields!A13="","",Fields!B13) | C18: =IF(Fields!A13="","",Fields!C13) | D18: =IF(Fields!A13="","",Fields!E13) | E18: =IF(Fields!A13="","",Fields!H13) | F18: =IF(Fields!A13="","",Fields!J13) | G18: =IF(Fields!A13="","",Fields!K13) | H18: =IF(Fields!A13="","",IF(Fields!C13="Derived","Yes","No")) | J18: =IF(Metrics!A13="","",Metrics!A13) | K18: =IF(Metrics!A13="","",Metrics!B13) | L18: =IF(Metrics!A13="","",Metrics!G13) | M18: =IF(Metrics!A13="","",Metrics!I13) | N18: =IF(Metrics!A13="","",Metrics!J13) | O18: =IF(Metrics!A13="","",SUMPRODUCT(('Metric to Field'!$A$5:$A$64=Metrics!A13)*(IFERROR(INDEX(Fields!$H$5:$H$64,MATCH('Metric to Field'!$B$5:$B$64,Fields!$A$5:$A$64,0)),"")="Issue")))
A19: =IF(Fields!A14="","",Fields!A14) | B19: =IF(Fields!A14="","",Fields!B14) | C19: =IF(Fields!A14="","",Fields!C14) | D19: =IF(Fields!A14="","",Fields!E14) | E19: =IF(Fields!A14="","",Fields!H14) | F19: =IF(Fields!A14="","",Fields!J14) | G19: =IF(Fields!A14="","",Fields!K14) | H19: =IF(Fields!A14="","",IF(Fields!C14="Derived","Yes","No")) | J19: =IF(Metrics!A14="","",Metrics!A14) | K19: =IF(Metrics!A14="","",Metrics!B14) | L19: =IF(Metrics!A14="","",Metrics!G14) | M19: =IF(Metrics!A14="","",Metrics!I14) | N19: =IF(Metrics!A14="","",Metrics!J14) | O19: =IF(Metrics!A14="","",SUMPRODUCT(('Metric to Field'!$A$5:$A$64=Metrics!A14)*(IFERROR(INDEX(Fields!$H$5:$H$64,MATCH('Metric to Field'!$B$5:$B$64,Fields!$A$5:$A$64,0)),"")="Issue")))
A20: =IF(Fields!A15="","",Fields!A15) | B20: =IF(Fields!A15="","",Fields!B15) | C20: =IF(Fields!A15="","",Fields!C15) | D20: =IF(Fields!A15="","",Fields!E15) | E20: =IF(Fields!A15="","",Fields!H15) | F20: =IF(Fields!A15="","",Fields!J15) | G20: =IF(Fields!A15="","",Fields!K15) | H20: =IF(Fields!A15="","",IF(Fields!C15="Derived","Yes","No")) | J20: =IF(Metrics!A15="","",Metrics!A15) | K20: =IF(Metrics!A15="","",Metrics!B15) | L20: =IF(Metrics!A15="","",Metrics!G15) | M20: =IF(Metrics!A15="","",Metrics!I15) | N20: =IF(Metrics!A15="","",Metrics!J15) | O20: =IF(Metrics!A15="","",SUMPRODUCT(('Metric to Field'!$A$5:$A$64=Metrics!A15)*(IFERROR(INDEX(Fields!$H$5:$H$64,MATCH('Metric to Field'!$B$5:$B$64,Fields!$A$5:$A$64,0)),"")="Issue")))
A21: =IF(Fields!A16="","",Fields!A16) | B21: =IF(Fields!A16="","",Fields!B16) | C21: =IF(Fields!A16="","",Fields!C16) | D21: =IF(Fields!A16="","",Fields!E16) | E21: =IF(Fields!A16="","",Fields!H16) | F21: =IF(Fields!A16="","",Fields!J16) | G21: =IF(Fields!A16="","",Fields!K16) | H21: =IF(Fields!A16="","",IF(Fields!C16="Derived","Yes","No")) | J21: =IF(Metrics!A16="","",Metrics!A16) | K21: =IF(Metrics!A16="","",Metrics!B16) | L21: =IF(Metrics!A16="","",Metrics!G16) | M21: =IF(Metrics!A16="","",Metrics!I16) | N21: =IF(Metrics!A16="","",Metrics!J16) | O21: =IF(Metrics!A16="","",SUMPRODUCT(('Metric to Field'!$A$5:$A$64=Metrics!A16)*(IFERROR(INDEX(Fields!$H$5:$H$64,MATCH('Metric to Field'!$B$5:$B$64,Fields!$A$5:$A$64,0)),"")="Issue")))
... A69: =IF(Fields!A64="","",Fields!A64) | B69: =IF(Fields!A64="","",Fields!B64) | C69: =IF(Fields!A64="","",Fields!C64) | D69: =IF(Fields!A64="","",Fields!E64) | E69: =IF(Fields!A64="","",Fields!H64) | F69: =IF(Fields!A64="","",Fields!J64) | G69: =IF(Fields!A64="","",Fields!K64) | H69: =IF(Fields!A64="","",IF(Fields!C64="Derived","Yes","No")) | J69: =IF(Metrics!A64="","",Metrics!A64) | K69: =IF(Metrics!A64="","",Metrics!B64) | L69: =IF(Metrics!A64="","",Metrics!G64) | M69: =IF(Metrics!A64="","",Metrics!I64) | N69: =IF(Metrics!A64="","",Metrics!J64) | O69: =IF(Metrics!A64="","",SUMPRODUCT(('Metric to Field'!$A$5:$A$64=Metrics!A64)*(IFERROR(INDEX(Fields!$H$5:$H$64,MATCH('Metric to Field'!$B$5:$B$64,Fields!$A$5:$A$64,0)),"")="Issue")))
