Workbook

Sheet README
A1: TA metric map
A2: The audit of what exists today, and where each piece lands in the proposed architecture. Fill the lists; the Decisions sheet reads them back as choices.
A4: How it fits together
A5: Products | B5: What people look at: scorecard, dashboards, reports that get sent, data pulls. One row per product.
A6: Metrics | B6: What is measured. One row per distinct definition. Variants of the same idea share a Metric family.
A7: Metric to Product | B7: Which products show which metrics. One row per metric per product.
A8: Populations | B8: The standard reporting populations: who is counted. Defined once here, referenced by every metric.
A9: Tables | B9: Every table we read from or build, what it is built from, why it exists, and how deep in the stack it sits.
A10: Fields | B10: The columns the metrics need. Raw fields come straight from a table. Derived fields carry a business rule in Logic.
A11: Metric to Field | B11: Which fields each metric needs and the role each plays.
A12: Dimensions | B12: The cuts: org, level, location, recruiter. One agreed source each.
A13: Dimension usage | B13: Which products cut by which dimension, using which mapping. Shows where two products slice the same way but from different tables.
A14: Decisions | B14: Read-only. Headline numbers phrased as decisions, each linked to the list of rows behind it.
A15: Decision log | B15: Every agreement, retirement or definition sign-off, with date and who agreed. The record that stops things being relitigated.
A16: Questions | B16: Open questions raised while filling the workbook. Anything uncertain goes here, never into a cell as a guess.
A17: Column guide | B17: Every column on every sheet explained in plain words, with an example. The same text is on each column header as a hover note.
A19: How to fill it in
A20: 1 | B20: Products first. It is the smallest list and everything keys off it.
A21: 2 | B21: Tables: what we read from (HRDW) and what we build (Team custom). Built from gives the lineage; put the main parent first. Why it exists is the column that matters.
A22: 3 | B22: Metrics, one row per distinct definition. Reference a Population ID rather than restating who is counted.
A23: 4 | B23: Fields, pointing each at a Table ID. Derived fields get the rule written in Logic.
A24: 5 | B24: The two join sheets: Metric to Product, Metric to Field. Then Dimensions and Dimension usage.
A25: 6 | B25: Target layer and Disposition on every table and field. This turns the audit into the architecture decision.
A26: 7 | B26: Read Decisions. Record what is agreed in Decision log.
A28: Who fills what
A29: Machine-fillable | B29: Anything visible in a file: products, which tables and fields a dashboard reads, calculated-field logic, lineage from SQL, refresh schedules. A Claude Code skill fills these and tags each row Found, Inferred or Guessed in Confidence.
A30: Human-only | B30: Why a table exists, whether a rule is right, the reporting population, data quality judgement, Target layer, Disposition, Status, points of contact. These stay blank until a person fills them and sets Confidence = Human.
A31: Rule | B31: A blank cell is fine. A guessed cell is a defect. Anything uncertain goes on the Questions sheet.
A33: Colour code
A34: Dark blue header | B34: Column names.
A35: Light blue cells | B35: IDs. Type them; they are the keys that join the sheets.
A36: Cream cells | B36: Free text or dropdowns for people to fill in.
A37: Green text | B37: Formulas. Do not type over them.
A38: Grey cells | B38: Helper columns used by the Decisions sheet. Leave them alone.
A40: Examples | B40: The first rows on each sheet are worked examples around cycle time, hires and recruiter credit. Replace or extend them. Each is marked Example in its notes.

Sheet Decisions
A1: Decisions
A2: Read-only. Each headline is a choice to make; click it to jump to the rows behind it. Counts update as the other sheets are filled.
A4: Decision | B4: Count | C4: What it means | E4: Target layer | F4: Fields | G4: Tables | I4: Disposition | J4: Fields | K4: Tables
A5: =HYPERLINK("#'Decisions'!A16","Tables to retire") -> Tables to retire | B5: =COUNT(Tables!$Z$5:$Z$254) -> 1 | C5: Tables marked Retire, with what still depends on them | E5: Source tables | F5: =COUNTIF(Fields!$J$5:$J$604,E5) -> 8 | G5: =COUNTIF(Tables!$K$5:$K$254,E5) -> 3 | I5: Keep as is | J5: =COUNTIF(Fields!$K$5:$K$604,I5) -> 8 | K5: =COUNTIF(Tables!$L$5:$L$254,I5) -> 4
A6: =HYPERLINK("#'Decisions'!A60","Tables to build") -> Tables to build | B6: =COUNT(Tables!$AA$5:$AA$254) -> 1 | C6: Proposed tables the dispositions call for | E6: Business rules | F6: =COUNTIF(Fields!$J$5:$J$604,E6) -> 2 | G6: =COUNTIF(Tables!$K$5:$K$254,E6) -> 2 | I6: Build | J6: =COUNTIF(Fields!$K$5:$K$604,I6) -> 0 | K6: =COUNTIF(Tables!$L$5:$L$254,I6) -> 1
A7: =HYPERLINK("#'Decisions'!A104","Stacked tables (depth 2 or more)") -> Stacked tables (depth 2 or more) | B7: =COUNT(Tables!$AB$5:$AB$254) -> 2 | C7: Layers built on layers: the simplification candidates | E7: Certified tables | F7: =COUNTIF(Fields!$J$5:$J$604,E7) -> 0 | G7: =COUNTIF(Tables!$K$5:$K$254,E7) -> 1 | I7: Fix upstream | J7: =COUNTIF(Fields!$K$5:$K$604,I7) -> 1 | K7: =COUNTIF(Tables!$L$5:$L$254,I7) -> 0
A8: =HYPERLINK("#'Decisions'!A148","Metric families with more than one definition") -> Metric families with more than one definition | B8: =COUNTIF(Metrics!$S$5:$S$254,">0") -> 2 | C8: Same name, different rule: the alignment agenda with TAAA | E8: Reporting | F8: =COUNTIF(Fields!$J$5:$J$604,E8) -> 0 | G8: =COUNTIF(Tables!$K$5:$K$254,E8) -> 1 | I8: Move to business rules | J8: =COUNTIF(Fields!$K$5:$K$604,I8) -> 1 | K8: =COUNTIF(Tables!$L$5:$L$254,I8) -> 0
A9: =HYPERLINK("#'Decisions'!A192","Fields to fix upstream") -> Fields to fix upstream | B9: =COUNT(Fields!$T$5:$T$604) -> 1 | C9: Data problems that belong to the source, to take to PDP | E9: Not yet assigned | F9: =COUNTA(Fields!$A$5:$A$604)-SUM(F5:F8) -> 0 | G9: =COUNTA(Tables!$A$5:$A$254)-SUM(G5:G8) -> 0 | I9: Merge into certified table | J9: =COUNTIF(Fields!$K$5:$K$604,I9) -> 0 | K9: =COUNTIF(Tables!$L$5:$L$254,I9) -> 1
A10: =HYPERLINK("#'Decisions'!A236","Rules moving into the business layer") -> Rules moving into the business layer | B10: =COUNT(Fields!$U$5:$U$604) -> 1 | C10: Logic that lives in a dashboard or a one-off table today | I10: Retire | J10: =COUNTIF(Fields!$K$5:$K$604,I10) -> 0 | K10: =COUNTIF(Tables!$L$5:$L$254,I10) -> 1
A11: =HYPERLINK("#'Decisions'!A280","Dimension usages off the agreed source") -> Dimension usages off the agreed source | B11: =COUNT('Dimension usage'!$K$5:$K$404) -> 1 | C11: Same filter name, different mapping table | I11: Undecided | J11: =COUNTIF(Fields!$K$5:$K$604,I11) -> 0 | K11: =COUNTIF(Tables!$L$5:$L$254,I11) -> 0
A12: =HYPERLINK("#'Decisions'!A324","Tables and fields still undecided") -> Tables and fields still undecided | B12: =COUNT(Tables!$AC$5:$AC$254)+COUNT(Fields!$V$5:$V$604) -> 0 | C12: No Target layer or Disposition yet
A16: Tables to retire
A17: Tables marked Retire, with what still depends on them. Back to top: | C17: =HYPERLINK("#'Decisions'!A1","top") -> top
A18: Table ID | B18: Table name | C18: Layer | D18: Depth | E18: Metrics depending | F18: Why it exists
A19: =IFERROR(INDEX(Tables!$A$5:$A$254,MATCH(1,Tables!$Z$5:$Z$254,0))&"","") -> T-006 | B19: =IFERROR(INDEX(Tables!$B$5:$B$254,MATCH(1,Tables!$Z$5:$Z$254,0))&"","") -> Recruiter view extract | C19: =IFERROR(INDEX(Tables!$C$5:$C$254,MATCH(1,Tables!$Z$5:$Z$254,0))&"","") -> Team custom | D19: =IFERROR(INDEX(Tables!$M$5:$M$254,MATCH(1,Tables!$Z$5:$Z$254,0)),"") -> 3 | E19: =IFERROR(INDEX(Tables!$P$5:$P$254,MATCH(1,Tables!$Z$5:$Z$254,0)),"") -> 0 | F19: =IFERROR(INDEX(Tables!$E$5:$E$254,MATCH(1,Tables!$Z$5:$Z$254,0))&"","") -> Narrow copy of the recruiter base shaped for the Tableau extract.
A20: =IFERROR(INDEX(Tables!$A$5:$A$254,MATCH(2,Tables!$Z$5:$Z$254,0))&"","") | B20: =IFERROR(INDEX(Tables!$B$5:$B$254,MATCH(2,Tables!$Z$5:$Z$254,0))&"","") | C20: =IFERROR(INDEX(Tables!$C$5:$C$254,MATCH(2,Tables!$Z$5:$Z$254,0))&"","") | D20: =IFERROR(INDEX(Tables!$M$5:$M$254,MATCH(2,Tables!$Z$5:$Z$254,0)),"") | E20: =IFERROR(INDEX(Tables!$P$5:$P$254,MATCH(2,Tables!$Z$5:$Z$254,0)),"") | F20: =IFERROR(INDEX(Tables!$E$5:$E$254,MATCH(2,Tables!$Z$5:$Z$254,0))&"","")
A21: =IFERROR(INDEX(Tables!$A$5:$A$254,MATCH(3,Tables!$Z$5:$Z$254,0))&"","") | B21: =IFERROR(INDEX(Tables!$B$5:$B$254,MATCH(3,Tables!$Z$5:$Z$254,0))&"","") | C21: =IFERROR(INDEX(Tables!$C$5:$C$254,MATCH(3,Tables!$Z$5:$Z$254,0))&"","") | D21: =IFERROR(INDEX(Tables!$M$5:$M$254,MATCH(3,Tables!$Z$5:$Z$254,0)),"") | E21: =IFERROR(INDEX(Tables!$P$5:$P$254,MATCH(3,Tables!$Z$5:$Z$254,0)),"") | F21: =IFERROR(INDEX(Tables!$E$5:$E$254,MATCH(3,Tables!$Z$5:$Z$254,0))&"","")
A22: =IFERROR(INDEX(Tables!$A$5:$A$254,MATCH(4,Tables!$Z$5:$Z$254,0))&"","") | B22: =IFERROR(INDEX(Tables!$B$5:$B$254,MATCH(4,Tables!$Z$5:$Z$254,0))&"","") | C22: =IFERROR(INDEX(Tables!$C$5:$C$254,MATCH(4,Tables!$Z$5:$Z$254,0))&"","") | D22: =IFERROR(INDEX(Tables!$M$5:$M$254,MATCH(4,Tables!$Z$5:$Z$254,0)),"") | E22: =IFERROR(INDEX(Tables!$P$5:$P$254,MATCH(4,Tables!$Z$5:$Z$254,0)),"") | F22: =IFERROR(INDEX(Tables!$E$5:$E$254,MATCH(4,Tables!$Z$5:$Z$254,0))&"","")
A23: =IFERROR(INDEX(Tables!$A$5:$A$254,MATCH(5,Tables!$Z$5:$Z$254,0))&"","") | B23: =IFERROR(INDEX(Tables!$B$5:$B$254,MATCH(5,Tables!$Z$5:$Z$254,0))&"","") | C23: =IFERROR(INDEX(Tables!$C$5:$C$254,MATCH(5,Tables!$Z$5:$Z$254,0))&"","") | D23: =IFERROR(INDEX(Tables!$M$5:$M$254,MATCH(5,Tables!$Z$5:$Z$254,0)),"") | E23: =IFERROR(INDEX(Tables!$P$5:$P$254,MATCH(5,Tables!$Z$5:$Z$254,0)),"") | F23: =IFERROR(INDEX(Tables!$E$5:$E$254,MATCH(5,Tables!$Z$5:$Z$254,0))&"","")
A24: =IFERROR(INDEX(Tables!$A$5:$A$254,MATCH(6,Tables!$Z$5:$Z$254,0))&"","") | B24: =IFERROR(INDEX(Tables!$B$5:$B$254,MATCH(6,Tables!$Z$5:$Z$254,0))&"","") | C24: =IFERROR(INDEX(Tables!$C$5:$C$254,MATCH(6,Tables!$Z$5:$Z$254,0))&"","") | D24: =IFERROR(INDEX(Tables!$M$5:$M$254,MATCH(6,Tables!$Z$5:$Z$254,0)),"") | E24: =IFERROR(INDEX(Tables!$P$5:$P$254,MATCH(6,Tables!$Z$5:$Z$254,0)),"") | F24: =IFERROR(INDEX(Tables!$E$5:$E$254,MATCH(6,Tables!$Z$5:$Z$254,0))&"","")
A25: =IFERROR(INDEX(Tables!$A$5:$A$254,MATCH(7,Tables!$Z$5:$Z$254,0))&"","") | B25: =IFERROR(INDEX(Tables!$B$5:$B$254,MATCH(7,Tables!$Z$5:$Z$254,0))&"","") | C25: =IFERROR(INDEX(Tables!$C$5:$C$254,MATCH(7,Tables!$Z$5:$Z$254,0))&"","") | D25: =IFERROR(INDEX(Tables!$M$5:$M$254,MATCH(7,Tables!$Z$5:$Z$254,0)),"") | E25: =IFERROR(INDEX(Tables!$P$5:$P$254,MATCH(7,Tables!$Z$5:$Z$254,0)),"") | F25: =IFERROR(INDEX(Tables!$E$5:$E$254,MATCH(7,Tables!$Z$5:$Z$254,0))&"","")
A26: =IFERROR(INDEX(Tables!$A$5:$A$254,MATCH(8,Tables!$Z$5:$Z$254,0))&"","") | B26: =IFERROR(INDEX(Tables!$B$5:$B$254,MATCH(8,Tables!$Z$5:$Z$254,0))&"","") | C26: =IFERROR(INDEX(Tables!$C$5:$C$254,MATCH(8,Tables!$Z$5:$Z$254,0))&"","") | D26: =IFERROR(INDEX(Tables!$M$5:$M$254,MATCH(8,Tables!$Z$5:$Z$254,0)),"") | E26: =IFERROR(INDEX(Tables!$P$5:$P$254,MATCH(8,Tables!$Z$5:$Z$254,0)),"") | F26: =IFERROR(INDEX(Tables!$E$5:$E$254,MATCH(8,Tables!$Z$5:$Z$254,0))&"","")
A27: =IFERROR(INDEX(Tables!$A$5:$A$254,MATCH(9,Tables!$Z$5:$Z$254,0))&"","") | B27: =IFERROR(INDEX(Tables!$B$5:$B$254,MATCH(9,Tables!$Z$5:$Z$254,0))&"","") | C27: =IFERROR(INDEX(Tables!$C$5:$C$254,MATCH(9,Tables!$Z$5:$Z$254,0))&"","") | D27: =IFERROR(INDEX(Tables!$M$5:$M$254,MATCH(9,Tables!$Z$5:$Z$254,0)),"") | E27: =IFERROR(INDEX(Tables!$P$5:$P$254,MATCH(9,Tables!$Z$5:$Z$254,0)),"") | F27: =IFERROR(INDEX(Tables!$E$5:$E$254,MATCH(9,Tables!$Z$5:$Z$254,0))&"","")
A28: =IFERROR(INDEX(Tables!$A$5:$A$254,MATCH(10,Tables!$Z$5:$Z$254,0))&"","") | B28: =IFERROR(INDEX(Tables!$B$5:$B$254,MATCH(10,Tables!$Z$5:$Z$254,0))&"","") | C28: =IFERROR(INDEX(Tables!$C$5:$C$254,MATCH(10,Tables!$Z$5:$Z$254,0))&"","") | D28: =IFERROR(INDEX(Tables!$M$5:$M$254,MATCH(10,Tables!$Z$5:$Z$254,0)),"") | E28: =IFERROR(INDEX(Tables!$P$5:$P$254,MATCH(10,Tables!$Z$5:$Z$254,0)),"") | F28: =IFERROR(INDEX(Tables!$E$5:$E$254,MATCH(10,Tables!$Z$5:$Z$254,0))&"","")
A29: =IFERROR(INDEX(Tables!$A$5:$A$254,MATCH(11,Tables!$Z$5:$Z$254,0))&"","") | B29: =IFERROR(INDEX(Tables!$B$5:$B$254,MATCH(11,Tables!$Z$5:$Z$254,0))&"","") | C29: =IFERROR(INDEX(Tables!$C$5:$C$254,MATCH(11,Tables!$Z$5:$Z$254,0))&"","") | D29: =IFERROR(INDEX(Tables!$M$5:$M$254,MATCH(11,Tables!$Z$5:$Z$254,0)),"") | E29: =IFERROR(INDEX(Tables!$P$5:$P$254,MATCH(11,Tables!$Z$5:$Z$254,0)),"") | F29: =IFERROR(INDEX(Tables!$E$5:$E$254,MATCH(11,Tables!$Z$5:$Z$254,0))&"","")
A30: =IFERROR(INDEX(Tables!$A$5:$A$254,MATCH(12,Tables!$Z$5:$Z$254,0))&"","") | B30: =IFERROR(INDEX(Tables!$B$5:$B$254,MATCH(12,Tables!$Z$5:$Z$254,0))&"","") | C30: =IFERROR(INDEX(Tables!$C$5:$C$254,MATCH(12,Tables!$Z$5:$Z$254,0))&"","") | D30: =IFERROR(INDEX(Tables!$M$5:$M$254,MATCH(12,Tables!$Z$5:$Z$254,0)),"") | E30: =IFERROR(INDEX(Tables!$P$5:$P$254,MATCH(12,Tables!$Z$5:$Z$254,0)),"") | F30: =IFERROR(INDEX(Tables!$E$5:$E$254,MATCH(12,Tables!$Z$5:$Z$254,0))&"","")
A31: =IFERROR(INDEX(Tables!$A$5:$A$254,MATCH(13,Tables!$Z$5:$Z$254,0))&"","") | B31: =IFERROR(INDEX(Tables!$B$5:$B$254,MATCH(13,Tables!$Z$5:$Z$254,0))&"","") | C31: =IFERROR(INDEX(Tables!$C$5:$C$254,MATCH(13,Tables!$Z$5:$Z$254,0))&"","") | D31: =IFERROR(INDEX(Tables!$M$5:$M$254,MATCH(13,Tables!$Z$5:$Z$254,0)),"") | E31: =IFERROR(INDEX(Tables!$P$5:$P$254,MATCH(13,Tables!$Z$5:$Z$254,0)),"") | F31: =IFERROR(INDEX(Tables!$E$5:$E$254,MATCH(13,Tables!$Z$5:$Z$254,0))&"","")
A32: =IFERROR(INDEX(Tables!$A$5:$A$254,MATCH(14,Tables!$Z$5:$Z$254,0))&"","") | B32: =IFERROR(INDEX(Tables!$B$5:$B$254,MATCH(14,Tables!$Z$5:$Z$254,0))&"","") | C32: =IFERROR(INDEX(Tables!$C$5:$C$254,MATCH(14,Tables!$Z$5:$Z$254,0))&"","") | D32: =IFERROR(INDEX(Tables!$M$5:$M$254,MATCH(14,Tables!$Z$5:$Z$254,0)),"") | E32: =IFERROR(INDEX(Tables!$P$5:$P$254,MATCH(14,Tables!$Z$5:$Z$254,0)),"") | F32: =IFERROR(INDEX(Tables!$E$5:$E$254,MATCH(14,Tables!$Z$5:$Z$254,0))&"","")
A33: =IFERROR(INDEX(Tables!$A$5:$A$254,MATCH(15,Tables!$Z$5:$Z$254,0))&"","") | B33: =IFERROR(INDEX(Tables!$B$5:$B$254,MATCH(15,Tables!$Z$5:$Z$254,0))&"","") | C33: =IFERROR(INDEX(Tables!$C$5:$C$254,MATCH(15,Tables!$Z$5:$Z$254,0))&"","") | D33: =IFERROR(INDEX(Tables!$M$5:$M$254,MATCH(15,Tables!$Z$5:$Z$254,0)),"") | E33: =IFERROR(INDEX(Tables!$P$5:$P$254,MATCH(15,Tables!$Z$5:$Z$254,0)),"") | F33: =IFERROR(INDEX(Tables!$E$5:$E$254,MATCH(15,Tables!$Z$5:$Z$254,0))&"","")
A34: =IFERROR(INDEX(Tables!$A$5:$A$254,MATCH(16,Tables!$Z$5:$Z$254,0))&"","") | B34: =IFERROR(INDEX(Tables!$B$5:$B$254,MATCH(16,Tables!$Z$5:$Z$254,0))&"","") | C34: =IFERROR(INDEX(Tables!$C$5:$C$254,MATCH(16,Tables!$Z$5:$Z$254,0))&"","") | D34: =IFERROR(INDEX(Tables!$M$5:$M$254,MATCH(16,Tables!$Z$5:$Z$254,0)),"") | E34: =IFERROR(INDEX(Tables!$P$5:$P$254,MATCH(16,Tables!$Z$5:$Z$254,0)),"") | F34: =IFERROR(INDEX(Tables!$E$5:$E$254,MATCH(16,Tables!$Z$5:$Z$254,0))&"","")
A35: =IFERROR(INDEX(Tables!$A$5:$A$254,MATCH(17,Tables!$Z$5:$Z$254,0))&"","") | B35: =IFERROR(INDEX(Tables!$B$5:$B$254,MATCH(17,Tables!$Z$5:$Z$254,0))&"","") | C35: =IFERROR(INDEX(Tables!$C$5:$C$254,MATCH(17,Tables!$Z$5:$Z$254,0))&"","") | D35: =IFERROR(INDEX(Tables!$M$5:$M$254,MATCH(17,Tables!$Z$5:$Z$254,0)),"") | E35: =IFERROR(INDEX(Tables!$P$5:$P$254,MATCH(17,Tables!$Z$5:$Z$254,0)),"") | F35: =IFERROR(INDEX(Tables!$E$5:$E$254,MATCH(17,Tables!$Z$5:$Z$254,0))&"","")
A36: =IFERROR(INDEX(Tables!$A$5:$A$254,MATCH(18,Tables!$Z$5:$Z$254,0))&"","") | B36: =IFERROR(INDEX(Tables!$B$5:$B$254,MATCH(18,Tables!$Z$5:$Z$254,0))&"","") | C36: =IFERROR(INDEX(Tables!$C$5:$C$254,MATCH(18,Tables!$Z$5:$Z$254,0))&"","") | D36: =IFERROR(INDEX(Tables!$M$5:$M$254,MATCH(18,Tables!$Z$5:$Z$254,0)),"") | E36: =IFERROR(INDEX(Tables!$P$5:$P$254,MATCH(18,Tables!$Z$5:$Z$254,0)),"") | F36: =IFERROR(INDEX(Tables!$E$5:$E$254,MATCH(18,Tables!$Z$5:$Z$254,0))&"","")
A37: =IFERROR(INDEX(Tables!$A$5:$A$254,MATCH(19,Tables!$Z$5:$Z$254,0))&"","") | B37: =IFERROR(INDEX(Tables!$B$5:$B$254,MATCH(19,Tables!$Z$5:$Z$254,0))&"","") | C37: =IFERROR(INDEX(Tables!$C$5:$C$254,MATCH(19,Tables!$Z$5:$Z$254,0))&"","") | D37: =IFERROR(INDEX(Tables!$M$5:$M$254,MATCH(19,Tables!$Z$5:$Z$254,0)),"") | E37: =IFERROR(INDEX(Tables!$P$5:$P$254,MATCH(19,Tables!$Z$5:$Z$254,0)),"") | F37: =IFERROR(INDEX(Tables!$E$5:$E$254,MATCH(19,Tables!$Z$5:$Z$254,0))&"","")
A38: =IFERROR(INDEX(Tables!$A$5:$A$254,MATCH(20,Tables!$Z$5:$Z$254,0))&"","") | B38: =IFERROR(INDEX(Tables!$B$5:$B$254,MATCH(20,Tables!$Z$5:$Z$254,0))&"","") | C38: =IFERROR(INDEX(Tables!$C$5:$C$254,MATCH(20,Tables!$Z$5:$Z$254,0))&"","") | D38: =IFERROR(INDEX(Tables!$M$5:$M$254,MATCH(20,Tables!$Z$5:$Z$254,0)),"") | E38: =IFERROR(INDEX(Tables!$P$5:$P$254,MATCH(20,Tables!$Z$5:$Z$254,0)),"") | F38: =IFERROR(INDEX(Tables!$E$5:$E$254,MATCH(20,Tables!$Z$5:$Z$254,0))&"","")
A39: =IFERROR(INDEX(Tables!$A$5:$A$254,MATCH(21,Tables!$Z$5:$Z$254,0))&"","") | B39: =IFERROR(INDEX(Tables!$B$5:$B$254,MATCH(21,Tables!$Z$5:$Z$254,0))&"","") | C39: =IFERROR(INDEX(Tables!$C$5:$C$254,MATCH(21,Tables!$Z$5:$Z$254,0))&"","") | D39: =IFERROR(INDEX(Tables!$M$5:$M$254,MATCH(21,Tables!$Z$5:$Z$254,0)),"") | E39: =IFERROR(INDEX(Tables!$P$5:$P$254,MATCH(21,Tables!$Z$5:$Z$254,0)),"") | F39: =IFERROR(INDEX(Tables!$E$5:$E$254,MATCH(21,Tables!$Z$5:$Z$254,0))&"","")
A40: =IFERROR(INDEX(Tables!$A$5:$A$254,MATCH(22,Tables!$Z$5:$Z$254,0))&"","") | B40: =IFERROR(INDEX(Tables!$B$5:$B$254,MATCH(22,Tables!$Z$5:$Z$254,0))&"","") | C40: =IFERROR(INDEX(Tables!$C$5:$C$254,MATCH(22,Tables!$Z$5:$Z$254,0))&"","") | D40: =IFERROR(INDEX(Tables!$M$5:$M$254,MATCH(22,Tables!$Z$5:$Z$254,0)),"") | E40: =IFERROR(INDEX(Tables!$P$5:$P$254,MATCH(22,Tables!$Z$5:$Z$254,0)),"") | F40: =IFERROR(INDEX(Tables!$E$5:$E$254,MATCH(22,Tables!$Z$5:$Z$254,0))&"","")
A41: =IFERROR(INDEX(Tables!$A$5:$A$254,MATCH(23,Tables!$Z$5:$Z$254,0))&"","") | B41: =IFERROR(INDEX(Tables!$B$5:$B$254,MATCH(23,Tables!$Z$5:$Z$254,0))&"","") | C41: =IFERROR(INDEX(Tables!$C$5:$C$254,MATCH(23,Tables!$Z$5:$Z$254,0))&"","") | D41: =IFERROR(INDEX(Tables!$M$5:$M$254,MATCH(23,Tables!$Z$5:$Z$254,0)),"") | E41: =IFERROR(INDEX(Tables!$P$5:$P$254,MATCH(23,Tables!$Z$5:$Z$254,0)),"") | F41: =IFERROR(INDEX(Tables!$E$5:$E$254,MATCH(23,Tables!$Z$5:$Z$254,0))&"","")
A42: =IFERROR(INDEX(Tables!$A$5:$A$254,MATCH(24,Tables!$Z$5:$Z$254,0))&"","") | B42: =IFERROR(INDEX(Tables!$B$5:$B$254,MATCH(24,Tables!$Z$5:$Z$254,0))&"","") | C42: =IFERROR(INDEX(Tables!$C$5:$C$254,MATCH(24,Tables!$Z$5:$Z$254,0))&"","") | D42: =IFERROR(INDEX(Tables!$M$5:$M$254,MATCH(24,Tables!$Z$5:$Z$254,0)),"") | E42: =IFERROR(INDEX(Tables!$P$5:$P$254,MATCH(24,Tables!$Z$5:$Z$254,0)),"") | F42: =IFERROR(INDEX(Tables!$E$5:$E$254,MATCH(24,Tables!$Z$5:$Z$254,0))&"","")
A43: =IFERROR(INDEX(Tables!$A$5:$A$254,MATCH(25,Tables!$Z$5:$Z$254,0))&"","") | B43: =IFERROR(INDEX(Tables!$B$5:$B$254,MATCH(25,Tables!$Z$5:$Z$254,0))&"","") | C43: =IFERROR(INDEX(Tables!$C$5:$C$254,MATCH(25,Tables!$Z$5:$Z$254,0))&"","") | D43: =IFERROR(INDEX(Tables!$M$5:$M$254,MATCH(25,Tables!$Z$5:$Z$254,0)),"") | E43: =IFERROR(INDEX(Tables!$P$5:$P$254,MATCH(25,Tables!$Z$5:$Z$254,0)),"") | F43: =IFERROR(INDEX(Tables!$E$5:$E$254,MATCH(25,Tables!$Z$5:$Z$254,0))&"","")
A44: =IFERROR(INDEX(Tables!$A$5:$A$254,MATCH(26,Tables!$Z$5:$Z$254,0))&"","") | B44: =IFERROR(INDEX(Tables!$B$5:$B$254,MATCH(26,Tables!$Z$5:$Z$254,0))&"","") | C44: =IFERROR(INDEX(Tables!$C$5:$C$254,MATCH(26,Tables!$Z$5:$Z$254,0))&"","") | D44: =IFERROR(INDEX(Tables!$M$5:$M$254,MATCH(26,Tables!$Z$5:$Z$254,0)),"") | E44: =IFERROR(INDEX(Tables!$P$5:$P$254,MATCH(26,Tables!$Z$5:$Z$254,0)),"") | F44: =IFERROR(INDEX(Tables!$E$5:$E$254,MATCH(26,Tables!$Z$5:$Z$254,0))&"","")
A45: =IFERROR(INDEX(Tables!$A$5:$A$254,MATCH(27,Tables!$Z$5:$Z$254,0))&"","") | B45: =IFERROR(INDEX(Tables!$B$5:$B$254,MATCH(27,Tables!$Z$5:$Z$254,0))&"","") | C45: =IFERROR(INDEX(Tables!$C$5:$C$254,MATCH(27,Tables!$Z$5:$Z$254,0))&"","") | D45: =IFERROR(INDEX(Tables!$M$5:$M$254,MATCH(27,Tables!$Z$5:$Z$254,0)),"") | E45: =IFERROR(INDEX(Tables!$P$5:$P$254,MATCH(27,Tables!$Z$5:$Z$254,0)),"") | F45: =IFERROR(INDEX(Tables!$E$5:$E$254,MATCH(27,Tables!$Z$5:$Z$254,0))&"","")
A46: =IFERROR(INDEX(Tables!$A$5:$A$254,MATCH(28,Tables!$Z$5:$Z$254,0))&"","") | B46: =IFERROR(INDEX(Tables!$B$5:$B$254,MATCH(28,Tables!$Z$5:$Z$254,0))&"","") | C46: =IFERROR(INDEX(Tables!$C$5:$C$254,MATCH(28,Tables!$Z$5:$Z$254,0))&"","") | D46: =IFERROR(INDEX(Tables!$M$5:$M$254,MATCH(28,Tables!$Z$5:$Z$254,0)),"") | E46: =IFERROR(INDEX(Tables!$P$5:$P$254,MATCH(28,Tables!$Z$5:$Z$254,0)),"") | F46: =IFERROR(INDEX(Tables!$E$5:$E$254,MATCH(28,Tables!$Z$5:$Z$254,0))&"","")
A47: =IFERROR(INDEX(Tables!$A$5:$A$254,MATCH(29,Tables!$Z$5:$Z$254,0))&"","") | B47: =IFERROR(INDEX(Tables!$B$5:$B$254,MATCH(29,Tables!$Z$5:$Z$254,0))&"","") | C47: =IFERROR(INDEX(Tables!$C$5:$C$254,MATCH(29,Tables!$Z$5:$Z$254,0))&"","") | D47: =IFERROR(INDEX(Tables!$M$5:$M$254,MATCH(29,Tables!$Z$5:$Z$254,0)),"") | E47: =IFERROR(INDEX(Tables!$P$5:$P$254,MATCH(29,Tables!$Z$5:$Z$254,0)),"") | F47: =IFERROR(INDEX(Tables!$E$5:$E$254,MATCH(29,Tables!$Z$5:$Z$254,0))&"","")
A48: =IFERROR(INDEX(Tables!$A$5:$A$254,MATCH(30,Tables!$Z$5:$Z$254,0))&"","") | B48: =IFERROR(INDEX(Tables!$B$5:$B$254,MATCH(30,Tables!$Z$5:$Z$254,0))&"","") | C48: =IFERROR(INDEX(Tables!$C$5:$C$254,MATCH(30,Tables!$Z$5:$Z$254,0))&"","") | D48: =IFERROR(INDEX(Tables!$M$5:$M$254,MATCH(30,Tables!$Z$5:$Z$254,0)),"") | E48: =IFERROR(INDEX(Tables!$P$5:$P$254,MATCH(30,Tables!$Z$5:$Z$254,0)),"") | F48: =IFERROR(INDEX(Tables!$E$5:$E$254,MATCH(30,Tables!$Z$5:$Z$254,0))&"","")
A49: =IFERROR(INDEX(Tables!$A$5:$A$254,MATCH(31,Tables!$Z$5:$Z$254,0))&"","") | B49: =IFERROR(INDEX(Tables!$B$5:$B$254,MATCH(31,Tables!$Z$5:$Z$254,0))&"","") | C49: =IFERROR(INDEX(Tables!$C$5:$C$254,MATCH(31,Tables!$Z$5:$Z$254,0))&"","") | D49: =IFERROR(INDEX(Tables!$M$5:$M$254,MATCH(31,Tables!$Z$5:$Z$254,0)),"") | E49: =IFERROR(INDEX(Tables!$P$5:$P$254,MATCH(31,Tables!$Z$5:$Z$254,0)),"") | F49: =IFERROR(INDEX(Tables!$E$5:$E$254,MATCH(31,Tables!$Z$5:$Z$254,0))&"","")
A50: =IFERROR(INDEX(Tables!$A$5:$A$254,MATCH(32,Tables!$Z$5:$Z$254,0))&"","") | B50: =IFERROR(INDEX(Tables!$B$5:$B$254,MATCH(32,Tables!$Z$5:$Z$254,0))&"","") | C50: =IFERROR(INDEX(Tables!$C$5:$C$254,MATCH(32,Tables!$Z$5:$Z$254,0))&"","") | D50: =IFERROR(INDEX(Tables!$M$5:$M$254,MATCH(32,Tables!$Z$5:$Z$254,0)),"") | E50: =IFERROR(INDEX(Tables!$P$5:$P$254,MATCH(32,Tables!$Z$5:$Z$254,0)),"") | F50: =IFERROR(INDEX(Tables!$E$5:$E$254,MATCH(32,Tables!$Z$5:$Z$254,0))&"","")
A51: =IFERROR(INDEX(Tables!$A$5:$A$254,MATCH(33,Tables!$Z$5:$Z$254,0))&"","") | B51: =IFERROR(INDEX(Tables!$B$5:$B$254,MATCH(33,Tables!$Z$5:$Z$254,0))&"","") | C51: =IFERROR(INDEX(Tables!$C$5:$C$254,MATCH(33,Tables!$Z$5:$Z$254,0))&"","") | D51: =IFERROR(INDEX(Tables!$M$5:$M$254,MATCH(33,Tables!$Z$5:$Z$254,0)),"") | E51: =IFERROR(INDEX(Tables!$P$5:$P$254,MATCH(33,Tables!$Z$5:$Z$254,0)),"") | F51: =IFERROR(INDEX(Tables!$E$5:$E$254,MATCH(33,Tables!$Z$5:$Z$254,0))&"","")
A52: =IFERROR(INDEX(Tables!$A$5:$A$254,MATCH(34,Tables!$Z$5:$Z$254,0))&"","") | B52: =IFERROR(INDEX(Tables!$B$5:$B$254,MATCH(34,Tables!$Z$5:$Z$254,0))&"","") | C52: =IFERROR(INDEX(Tables!$C$5:$C$254,MATCH(34,Tables!$Z$5:$Z$254,0))&"","") | D52: =IFERROR(INDEX(Tables!$M$5:$M$254,MATCH(34,Tables!$Z$5:$Z$254,0)),"") | E52: =IFERROR(INDEX(Tables!$P$5:$P$254,MATCH(34,Tables!$Z$5:$Z$254,0)),"") | F52: =IFERROR(INDEX(Tables!$E$5:$E$254,MATCH(34,Tables!$Z$5:$Z$254,0))&"","")
A53: =IFERROR(INDEX(Tables!$A$5:$A$254,MATCH(35,Tables!$Z$5:$Z$254,0))&"","") | B53: =IFERROR(INDEX(Tables!$B$5:$B$254,MATCH(35,Tables!$Z$5:$Z$254,0))&"","") | C53: =IFERROR(INDEX(Tables!$C$5:$C$254,MATCH(35,Tables!$Z$5:$Z$254,0))&"","") | D53: =IFERROR(INDEX(Tables!$M$5:$M$254,MATCH(35,Tables!$Z$5:$Z$254,0)),"") | E53: =IFERROR(INDEX(Tables!$P$5:$P$254,MATCH(35,Tables!$Z$5:$Z$254,0)),"") | F53: =IFERROR(INDEX(Tables!$E$5:$E$254,MATCH(35,Tables!$Z$5:$Z$254,0))&"","")
A54: =IFERROR(INDEX(Tables!$A$5:$A$254,MATCH(36,Tables!$Z$5:$Z$254,0))&"","") | B54: =IFERROR(INDEX(Tables!$B$5:$B$254,MATCH(36,Tables!$Z$5:$Z$254,0))&"","") | C54: =IFERROR(INDEX(Tables!$C$5:$C$254,MATCH(36,Tables!$Z$5:$Z$254,0))&"","") | D54: =IFERROR(INDEX(Tables!$M$5:$M$254,MATCH(36,Tables!$Z$5:$Z$254,0)),"") | E54: =IFERROR(INDEX(Tables!$P$5:$P$254,MATCH(36,Tables!$Z$5:$Z$254,0)),"") | F54: =IFERROR(INDEX(Tables!$E$5:$E$254,MATCH(36,Tables!$Z$5:$Z$254,0))&"","")
A55: =IFERROR(INDEX(Tables!$A$5:$A$254,MATCH(37,Tables!$Z$5:$Z$254,0))&"","") | B55: =IFERROR(INDEX(Tables!$B$5:$B$254,MATCH(37,Tables!$Z$5:$Z$254,0))&"","") | C55: =IFERROR(INDEX(Tables!$C$5:$C$254,MATCH(37,Tables!$Z$5:$Z$254,0))&"","") | D55: =IFERROR(INDEX(Tables!$M$5:$M$254,MATCH(37,Tables!$Z$5:$Z$254,0)),"") | E55: =IFERROR(INDEX(Tables!$P$5:$P$254,MATCH(37,Tables!$Z$5:$Z$254,0)),"") | F55: =IFERROR(INDEX(Tables!$E$5:$E$254,MATCH(37,Tables!$Z$5:$Z$254,0))&"","")
A56: =IFERROR(INDEX(Tables!$A$5:$A$254,MATCH(38,Tables!$Z$5:$Z$254,0))&"","") | B56: =IFERROR(INDEX(Tables!$B$5:$B$254,MATCH(38,Tables!$Z$5:$Z$254,0))&"","") | C56: =IFERROR(INDEX(Tables!$C$5:$C$254,MATCH(38,Tables!$Z$5:$Z$254,0))&"","") | D56: =IFERROR(INDEX(Tables!$M$5:$M$254,MATCH(38,Tables!$Z$5:$Z$254,0)),"") | E56: =IFERROR(INDEX(Tables!$P$5:$P$254,MATCH(38,Tables!$Z$5:$Z$254,0)),"") | F56: =IFERROR(INDEX(Tables!$E$5:$E$254,MATCH(38,Tables!$Z$5:$Z$254,0))&"","")
A57: =IFERROR(INDEX(Tables!$A$5:$A$254,MATCH(39,Tables!$Z$5:$Z$254,0))&"","") | B57: =IFERROR(INDEX(Tables!$B$5:$B$254,MATCH(39,Tables!$Z$5:$Z$254,0))&"","") | C57: =IFERROR(INDEX(Tables!$C$5:$C$254,MATCH(39,Tables!$Z$5:$Z$254,0))&"","") | D57: =IFERROR(INDEX(Tables!$M$5:$M$254,MATCH(39,Tables!$Z$5:$Z$254,0)),"") | E57: =IFERROR(INDEX(Tables!$P$5:$P$254,MATCH(39,Tables!$Z$5:$Z$254,0)),"") | F57: =IFERROR(INDEX(Tables!$E$5:$E$254,MATCH(39,Tables!$Z$5:$Z$254,0))&"","")
A58: =IFERROR(INDEX(Tables!$A$5:$A$254,MATCH(40,Tables!$Z$5:$Z$254,0))&"","") | B58: =IFERROR(INDEX(Tables!$B$5:$B$254,MATCH(40,Tables!$Z$5:$Z$254,0))&"","") | C58: =IFERROR(INDEX(Tables!$C$5:$C$254,MATCH(40,Tables!$Z$5:$Z$254,0))&"","") | D58: =IFERROR(INDEX(Tables!$M$5:$M$254,MATCH(40,Tables!$Z$5:$Z$254,0)),"") | E58: =IFERROR(INDEX(Tables!$P$5:$P$254,MATCH(40,Tables!$Z$5:$Z$254,0)),"") | F58: =IFERROR(INDEX(Tables!$E$5:$E$254,MATCH(40,Tables!$Z$5:$Z$254,0))&"","")
A60: Tables to build
A61: Proposed tables the dispositions call for. Back to top: | C61: =HYPERLINK("#'Decisions'!A1","top") -> top
A62: Table ID | B62: Table name | C62: Target layer | D62: Built from | E62: Why it exists | F62: Status
A63: =IFERROR(INDEX(Tables!$A$5:$A$254,MATCH(1,Tables!$AA$5:$AA$254,0))&"","") -> T-007 | B63: =IFERROR(INDEX(Tables!$B$5:$B$254,MATCH(1,Tables!$AA$5:$AA$254,0))&"","") -> Certified application table | C63: =IFERROR(INDEX(Tables!$K$5:$K$254,MATCH(1,Tables!$AA$5:$AA$254,0))&"","") -> Certified tables | D63: =IFERROR(INDEX(Tables!$D$5:$D$254,MATCH(1,Tables!$AA$5:$AA$254,0))&"","") -> T-001, T-002, T-003, T-004 | E63: =IFERROR(INDEX(Tables!$E$5:$E$254,MATCH(1,Tables!$AA$5:$AA$254,0))&"","") -> One row per application with agreed attribution and exclusion flags applied, so every product reads the same rules. | F63: =IFERROR(INDEX(Tables!$J$5:$J$254,MATCH(1,Tables!$AA$5:$AA$254,0))&"","") -> Proposed
A64: =IFERROR(INDEX(Tables!$A$5:$A$254,MATCH(2,Tables!$AA$5:$AA$254,0))&"","") | B64: =IFERROR(INDEX(Tables!$B$5:$B$254,MATCH(2,Tables!$AA$5:$AA$254,0))&"","") | C64: =IFERROR(INDEX(Tables!$K$5:$K$254,MATCH(2,Tables!$AA$5:$AA$254,0))&"","") | D64: =IFERROR(INDEX(Tables!$D$5:$D$254,MATCH(2,Tables!$AA$5:$AA$254,0))&"","") | E64: =IFERROR(INDEX(Tables!$E$5:$E$254,MATCH(2,Tables!$AA$5:$AA$254,0))&"","") | F64: =IFERROR(INDEX(Tables!$J$5:$J$254,MATCH(2,Tables!$AA$5:$AA$254,0))&"","")
A65: =IFERROR(INDEX(Tables!$A$5:$A$254,MATCH(3,Tables!$AA$5:$AA$254,0))&"","") | B65: =IFERROR(INDEX(Tables!$B$5:$B$254,MATCH(3,Tables!$AA$5:$AA$254,0))&"","") | C65: =IFERROR(INDEX(Tables!$K$5:$K$254,MATCH(3,Tables!$AA$5:$AA$254,0))&"","") | D65: =IFERROR(INDEX(Tables!$D$5:$D$254,MATCH(3,Tables!$AA$5:$AA$254,0))&"","") | E65: =IFERROR(INDEX(Tables!$E$5:$E$254,MATCH(3,Tables!$AA$5:$AA$254,0))&"","") | F65: =IFERROR(INDEX(Tables!$J$5:$J$254,MATCH(3,Tables!$AA$5:$AA$254,0))&"","")
A66: =IFERROR(INDEX(Tables!$A$5:$A$254,MATCH(4,Tables!$AA$5:$AA$254,0))&"","") | B66: =IFERROR(INDEX(Tables!$B$5:$B$254,MATCH(4,Tables!$AA$5:$AA$254,0))&"","") | C66: =IFERROR(INDEX(Tables!$K$5:$K$254,MATCH(4,Tables!$AA$5:$AA$254,0))&"","") | D66: =IFERROR(INDEX(Tables!$D$5:$D$254,MATCH(4,Tables!$AA$5:$AA$254,0))&"","") | E66: =IFERROR(INDEX(Tables!$E$5:$E$254,MATCH(4,Tables!$AA$5:$AA$254,0))&"","") | F66: =IFERROR(INDEX(Tables!$J$5:$J$254,MATCH(4,Tables!$AA$5:$AA$254,0))&"","")
A67: =IFERROR(INDEX(Tables!$A$5:$A$254,MATCH(5,Tables!$AA$5:$AA$254,0))&"","") | B67: =IFERROR(INDEX(Tables!$B$5:$B$254,MATCH(5,Tables!$AA$5:$AA$254,0))&"","") | C67: =IFERROR(INDEX(Tables!$K$5:$K$254,MATCH(5,Tables!$AA$5:$AA$254,0))&"","") | D67: =IFERROR(INDEX(Tables!$D$5:$D$254,MATCH(5,Tables!$AA$5:$AA$254,0))&"","") | E67: =IFERROR(INDEX(Tables!$E$5:$E$254,MATCH(5,Tables!$AA$5:$AA$254,0))&"","") | F67: =IFERROR(INDEX(Tables!$J$5:$J$254,MATCH(5,Tables!$AA$5:$AA$254,0))&"","")
A68: =IFERROR(INDEX(Tables!$A$5:$A$254,MATCH(6,Tables!$AA$5:$AA$254,0))&"","") | B68: =IFERROR(INDEX(Tables!$B$5:$B$254,MATCH(6,Tables!$AA$5:$AA$254,0))&"","") | C68: =IFERROR(INDEX(Tables!$K$5:$K$254,MATCH(6,Tables!$AA$5:$AA$254,0))&"","") | D68: =IFERROR(INDEX(Tables!$D$5:$D$254,MATCH(6,Tables!$AA$5:$AA$254,0))&"","") | E68: =IFERROR(INDEX(Tables!$E$5:$E$254,MATCH(6,Tables!$AA$5:$AA$254,0))&"","") | F68: =IFERROR(INDEX(Tables!$J$5:$J$254,MATCH(6,Tables!$AA$5:$AA$254,0))&"","")
A69: =IFERROR(INDEX(Tables!$A$5:$A$254,MATCH(7,Tables!$AA$5:$AA$254,0))&"","") | B69: =IFERROR(INDEX(Tables!$B$5:$B$254,MATCH(7,Tables!$AA$5:$AA$254,0))&"","") | C69: =IFERROR(INDEX(Tables!$K$5:$K$254,MATCH(7,Tables!$AA$5:$AA$254,0))&"","") | D69: =IFERROR(INDEX(Tables!$D$5:$D$254,MATCH(7,Tables!$AA$5:$AA$254,0))&"","") | E69: =IFERROR(INDEX(Tables!$E$5:$E$254,MATCH(7,Tables!$AA$5:$AA$254,0))&"","") | F69: =IFERROR(INDEX(Tables!$J$5:$J$254,MATCH(7,Tables!$AA$5:$AA$254,0))&"","")
A70: =IFERROR(INDEX(Tables!$A$5:$A$254,MATCH(8,Tables!$AA$5:$AA$254,0))&"","") | B70: =IFERROR(INDEX(Tables!$B$5:$B$254,MATCH(8,Tables!$AA$5:$AA$254,0))&"","") | C70: =IFERROR(INDEX(Tables!$K$5:$K$254,MATCH(8,Tables!$AA$5:$AA$254,0))&"","") | D70: =IFERROR(INDEX(Tables!$D$5:$D$254,MATCH(8,Tables!$AA$5:$AA$254,0))&"","") | E70: =IFERROR(INDEX(Tables!$E$5:$E$254,MATCH(8,Tables!$AA$5:$AA$254,0))&"","") | F70: =IFERROR(INDEX(Tables!$J$5:$J$254,MATCH(8,Tables!$AA$5:$AA$254,0))&"","")
A71: =IFERROR(INDEX(Tables!$A$5:$A$254,MATCH(9,Tables!$AA$5:$AA$254,0))&"","") | B71: =IFERROR(INDEX(Tables!$B$5:$B$254,MATCH(9,Tables!$AA$5:$AA$254,0))&"","") | C71: =IFERROR(INDEX(Tables!$K$5:$K$254,MATCH(9,Tables!$AA$5:$AA$254,0))&"","") | D71: =IFERROR(INDEX(Tables!$D$5:$D$254,MATCH(9,Tables!$AA$5:$AA$254,0))&"","") | E71: =IFERROR(INDEX(Tables!$E$5:$E$254,MATCH(9,Tables!$AA$5:$AA$254,0))&"","") | F71: =IFERROR(INDEX(Tables!$J$5:$J$254,MATCH(9,Tables!$AA$5:$AA$254,0))&"","")
A72: =IFERROR(INDEX(Tables!$A$5:$A$254,MATCH(10,Tables!$AA$5:$AA$254,0))&"","") | B72: =IFERROR(INDEX(Tables!$B$5:$B$254,MATCH(10,Tables!$AA$5:$AA$254,0))&"","") | C72: =IFERROR(INDEX(Tables!$K$5:$K$254,MATCH(10,Tables!$AA$5:$AA$254,0))&"","") | D72: =IFERROR(INDEX(Tables!$D$5:$D$254,MATCH(10,Tables!$AA$5:$AA$254,0))&"","") | E72: =IFERROR(INDEX(Tables!$E$5:$E$254,MATCH(10,Tables!$AA$5:$AA$254,0))&"","") | F72: =IFERROR(INDEX(Tables!$J$5:$J$254,MATCH(10,Tables!$AA$5:$AA$254,0))&"","")
A73: =IFERROR(INDEX(Tables!$A$5:$A$254,MATCH(11,Tables!$AA$5:$AA$254,0))&"","") | B73: =IFERROR(INDEX(Tables!$B$5:$B$254,MATCH(11,Tables!$AA$5:$AA$254,0))&"","") | C73: =IFERROR(INDEX(Tables!$K$5:$K$254,MATCH(11,Tables!$AA$5:$AA$254,0))&"","") | D73: =IFERROR(INDEX(Tables!$D$5:$D$254,MATCH(11,Tables!$AA$5:$AA$254,0))&"","") | E73: =IFERROR(INDEX(Tables!$E$5:$E$254,MATCH(11,Tables!$AA$5:$AA$254,0))&"","") | F73: =IFERROR(INDEX(Tables!$J$5:$J$254,MATCH(11,Tables!$AA$5:$AA$254,0))&"","")
A74: =IFERROR(INDEX(Tables!$A$5:$A$254,MATCH(12,Tables!$AA$5:$AA$254,0))&"","") | B74: =IFERROR(INDEX(Tables!$B$5:$B$254,MATCH(12,Tables!$AA$5:$AA$254,0))&"","") | C74: =IFERROR(INDEX(Tables!$K$5:$K$254,MATCH(12,Tables!$AA$5:$AA$254,0))&"","") | D74: =IFERROR(INDEX(Tables!$D$5:$D$254,MATCH(12,Tables!$AA$5:$AA$254,0))&"","") | E74: =IFERROR(INDEX(Tables!$E$5:$E$254,MATCH(12,Tables!$AA$5:$AA$254,0))&"","") | F74: =IFERROR(INDEX(Tables!$J$5:$J$254,MATCH(12,Tables!$AA$5:$AA$254,0))&"","")
A75: =IFERROR(INDEX(Tables!$A$5:$A$254,MATCH(13,Tables!$AA$5:$AA$254,0))&"","") | B75: =IFERROR(INDEX(Tables!$B$5:$B$254,MATCH(13,Tables!$AA$5:$AA$254,0))&"","") | C75: =IFERROR(INDEX(Tables!$K$5:$K$254,MATCH(13,Tables!$AA$5:$AA$254,0))&"","") | D75: =IFERROR(INDEX(Tables!$D$5:$D$254,MATCH(13,Tables!$AA$5:$AA$254,0))&"","") | E75: =IFERROR(INDEX(Tables!$E$5:$E$254,MATCH(13,Tables!$AA$5:$AA$254,0))&"","") | F75: =IFERROR(INDEX(Tables!$J$5:$J$254,MATCH(13,Tables!$AA$5:$AA$254,0))&"","")
A76: =IFERROR(INDEX(Tables!$A$5:$A$254,MATCH(14,Tables!$AA$5:$AA$254,0))&"","") | B76: =IFERROR(INDEX(Tables!$B$5:$B$254,MATCH(14,Tables!$AA$5:$AA$254,0))&"","") | C76: =IFERROR(INDEX(Tables!$K$5:$K$254,MATCH(14,Tables!$AA$5:$AA$254,0))&"","") | D76: =IFERROR(INDEX(Tables!$D$5:$D$254,MATCH(14,Tables!$AA$5:$AA$254,0))&"","") | E76: =IFERROR(INDEX(Tables!$E$5:$E$254,MATCH(14,Tables!$AA$5:$AA$254,0))&"","") | F76: =IFERROR(INDEX(Tables!$J$5:$J$254,MATCH(14,Tables!$AA$5:$AA$254,0))&"","")
A77: =IFERROR(INDEX(Tables!$A$5:$A$254,MATCH(15,Tables!$AA$5:$AA$254,0))&"","") | B77: =IFERROR(INDEX(Tables!$B$5:$B$254,MATCH(15,Tables!$AA$5:$AA$254,0))&"","") | C77: =IFERROR(INDEX(Tables!$K$5:$K$254,MATCH(15,Tables!$AA$5:$AA$254,0))&"","") | D77: =IFERROR(INDEX(Tables!$D$5:$D$254,MATCH(15,Tables!$AA$5:$AA$254,0))&"","") | E77: =IFERROR(INDEX(Tables!$E$5:$E$254,MATCH(15,Tables!$AA$5:$AA$254,0))&"","") | F77: =IFERROR(INDEX(Tables!$J$5:$J$254,MATCH(15,Tables!$AA$5:$AA$254,0))&"","")
A78: =IFERROR(INDEX(Tables!$A$5:$A$254,MATCH(16,Tables!$AA$5:$AA$254,0))&"","") | B78: =IFERROR(INDEX(Tables!$B$5:$B$254,MATCH(16,Tables!$AA$5:$AA$254,0))&"","") | C78: =IFERROR(INDEX(Tables!$K$5:$K$254,MATCH(16,Tables!$AA$5:$AA$254,0))&"","") | D78: =IFERROR(INDEX(Tables!$D$5:$D$254,MATCH(16,Tables!$AA$5:$AA$254,0))&"","") | E78: =IFERROR(INDEX(Tables!$E$5:$E$254,MATCH(16,Tables!$AA$5:$AA$254,0))&"","") | F78: =IFERROR(INDEX(Tables!$J$5:$J$254,MATCH(16,Tables!$AA$5:$AA$254,0))&"","")
A79: =IFERROR(INDEX(Tables!$A$5:$A$254,MATCH(17,Tables!$AA$5:$AA$254,0))&"","") | B79: =IFERROR(INDEX(Tables!$B$5:$B$254,MATCH(17,Tables!$AA$5:$AA$254,0))&"","") | C79: =IFERROR(INDEX(Tables!$K$5:$K$254,MATCH(17,Tables!$AA$5:$AA$254,0))&"","") | D79: =IFERROR(INDEX(Tables!$D$5:$D$254,MATCH(17,Tables!$AA$5:$AA$254,0))&"","") | E79: =IFERROR(INDEX(Tables!$E$5:$E$254,MATCH(17,Tables!$AA$5:$AA$254,0))&"","") | F79: =IFERROR(INDEX(Tables!$J$5:$J$254,MATCH(17,Tables!$AA$5:$AA$254,0))&"","")
A80: =IFERROR(INDEX(Tables!$A$5:$A$254,MATCH(18,Tables!$AA$5:$AA$254,0))&"","") | B80: =IFERROR(INDEX(Tables!$B$5:$B$254,MATCH(18,Tables!$AA$5:$AA$254,0))&"","") | C80: =IFERROR(INDEX(Tables!$K$5:$K$254,MATCH(18,Tables!$AA$5:$AA$254,0))&"","") | D80: =IFERROR(INDEX(Tables!$D$5:$D$254,MATCH(18,Tables!$AA$5:$AA$254,0))&"","") | E80: =IFERROR(INDEX(Tables!$E$5:$E$254,MATCH(18,Tables!$AA$5:$AA$254,0))&"","") | F80: =IFERROR(INDEX(Tables!$J$5:$J$254,MATCH(18,Tables!$AA$5:$AA$254,0))&"","")
A81: =IFERROR(INDEX(Tables!$A$5:$A$254,MATCH(19,Tables!$AA$5:$AA$254,0))&"","") | B81: =IFERROR(INDEX(Tables!$B$5:$B$254,MATCH(19,Tables!$AA$5:$AA$254,0))&"","") | C81: =IFERROR(INDEX(Tables!$K$5:$K$254,MATCH(19,Tables!$AA$5:$AA$254,0))&"","") | D81: =IFERROR(INDEX(Tables!$D$5:$D$254,MATCH(19,Tables!$AA$5:$AA$254,0))&"","") | E81: =IFERROR(INDEX(Tables!$E$5:$E$254,MATCH(19,Tables!$AA$5:$AA$254,0))&"","") | F81: =IFERROR(INDEX(Tables!$J$5:$J$254,MATCH(19,Tables!$AA$5:$AA$254,0))&"","")
A82: =IFERROR(INDEX(Tables!$A$5:$A$254,MATCH(20,Tables!$AA$5:$AA$254,0))&"","") | B82: =IFERROR(INDEX(Tables!$B$5:$B$254,MATCH(20,Tables!$AA$5:$AA$254,0))&"","") | C82: =IFERROR(INDEX(Tables!$K$5:$K$254,MATCH(20,Tables!$AA$5:$AA$254,0))&"","") | D82: =IFERROR(INDEX(Tables!$D$5:$D$254,MATCH(20,Tables!$AA$5:$AA$254,0))&"","") | E82: =IFERROR(INDEX(Tables!$E$5:$E$254,MATCH(20,Tables!$AA$5:$AA$254,0))&"","") | F82: =IFERROR(INDEX(Tables!$J$5:$J$254,MATCH(20,Tables!$AA$5:$AA$254,0))&"","")
A83: =IFERROR(INDEX(Tables!$A$5:$A$254,MATCH(21,Tables!$AA$5:$AA$254,0))&"","") | B83: =IFERROR(INDEX(Tables!$B$5:$B$254,MATCH(21,Tables!$AA$5:$AA$254,0))&"","") | C83: =IFERROR(INDEX(Tables!$K$5:$K$254,MATCH(21,Tables!$AA$5:$AA$254,0))&"","") | D83: =IFERROR(INDEX(Tables!$D$5:$D$254,MATCH(21,Tables!$AA$5:$AA$254,0))&"","") | E83: =IFERROR(INDEX(Tables!$E$5:$E$254,MATCH(21,Tables!$AA$5:$AA$254,0))&"","") | F83: =IFERROR(INDEX(Tables!$J$5:$J$254,MATCH(21,Tables!$AA$5:$AA$254,0))&"","")
A84: =IFERROR(INDEX(Tables!$A$5:$A$254,MATCH(22,Tables!$AA$5:$AA$254,0))&"","") | B84: =IFERROR(INDEX(Tables!$B$5:$B$254,MATCH(22,Tables!$AA$5:$AA$254,0))&"","") | C84: =IFERROR(INDEX(Tables!$K$5:$K$254,MATCH(22,Tables!$AA$5:$AA$254,0))&"","") | D84: =IFERROR(INDEX(Tables!$D$5:$D$254,MATCH(22,Tables!$AA$5:$AA$254,0))&"","") | E84: =IFERROR(INDEX(Tables!$E$5:$E$254,MATCH(22,Tables!$AA$5:$AA$254,0))&"","") | F84: =IFERROR(INDEX(Tables!$J$5:$J$254,MATCH(22,Tables!$AA$5:$AA$254,0))&"","")
A85: =IFERROR(INDEX(Tables!$A$5:$A$254,MATCH(23,Tables!$AA$5:$AA$254,0))&"","") | B85: =IFERROR(INDEX(Tables!$B$5:$B$254,MATCH(23,Tables!$AA$5:$AA$254,0))&"","") | C85: =IFERROR(INDEX(Tables!$K$5:$K$254,MATCH(23,Tables!$AA$5:$AA$254,0))&"","") | D85: =IFERROR(INDEX(Tables!$D$5:$D$254,MATCH(23,Tables!$AA$5:$AA$254,0))&"","") | E85: =IFERROR(INDEX(Tables!$E$5:$E$254,MATCH(23,Tables!$AA$5:$AA$254,0))&"","") | F85: =IFERROR(INDEX(Tables!$J$5:$J$254,MATCH(23,Tables!$AA$5:$AA$254,0))&"","")
A86: =IFERROR(INDEX(Tables!$A$5:$A$254,MATCH(24,Tables!$AA$5:$AA$254,0))&"","") | B86: =IFERROR(INDEX(Tables!$B$5:$B$254,MATCH(24,Tables!$AA$5:$AA$254,0))&"","") | C86: =IFERROR(INDEX(Tables!$K$5:$K$254,MATCH(24,Tables!$AA$5:$AA$254,0))&"","") | D86: =IFERROR(INDEX(Tables!$D$5:$D$254,MATCH(24,Tables!$AA$5:$AA$254,0))&"","") | E86: =IFERROR(INDEX(Tables!$E$5:$E$254,MATCH(24,Tables!$AA$5:$AA$254,0))&"","") | F86: =IFERROR(INDEX(Tables!$J$5:$J$254,MATCH(24,Tables!$AA$5:$AA$254,0))&"","")
A87: =IFERROR(INDEX(Tables!$A$5:$A$254,MATCH(25,Tables!$AA$5:$AA$254,0))&"","") | B87: =IFERROR(INDEX(Tables!$B$5:$B$254,MATCH(25,Tables!$AA$5:$AA$254,0))&"","") | C87: =IFERROR(INDEX(Tables!$K$5:$K$254,MATCH(25,Tables!$AA$5:$AA$254,0))&"","") | D87: =IFERROR(INDEX(Tables!$D$5:$D$254,MATCH(25,Tables!$AA$5:$AA$254,0))&"","") | E87: =IFERROR(INDEX(Tables!$E$5:$E$254,MATCH(25,Tables!$AA$5:$AA$254,0))&"","") | F87: =IFERROR(INDEX(Tables!$J$5:$J$254,MATCH(25,Tables!$AA$5:$AA$254,0))&"","")
A88: =IFERROR(INDEX(Tables!$A$5:$A$254,MATCH(26,Tables!$AA$5:$AA$254,0))&"","") | B88: =IFERROR(INDEX(Tables!$B$5:$B$254,MATCH(26,Tables!$AA$5:$AA$254,0))&"","") | C88: =IFERROR(INDEX(Tables!$K$5:$K$254,MATCH(26,Tables!$AA$5:$AA$254,0))&"","") | D88: =IFERROR(INDEX(Tables!$D$5:$D$254,MATCH(26,Tables!$AA$5:$AA$254,0))&"","") | E88: =IFERROR(INDEX(Tables!$E$5:$E$254,MATCH(26,Tables!$AA$5:$AA$254,0))&"","") | F88: =IFERROR(INDEX(Tables!$J$5:$J$254,MATCH(26,Tables!$AA$5:$AA$254,0))&"","")
A89: =IFERROR(INDEX(Tables!$A$5:$A$254,MATCH(27,Tables!$AA$5:$AA$254,0))&"","") | B89: =IFERROR(INDEX(Tables!$B$5:$B$254,MATCH(27,Tables!$AA$5:$AA$254,0))&"","") | C89: =IFERROR(INDEX(Tables!$K$5:$K$254,MATCH(27,Tables!$AA$5:$AA$254,0))&"","") | D89: =IFERROR(INDEX(Tables!$D$5:$D$254,MATCH(27,Tables!$AA$5:$AA$254,0))&"","") | E89: =IFERROR(INDEX(Tables!$E$5:$E$254,MATCH(27,Tables!$AA$5:$AA$254,0))&"","") | F89: =IFERROR(INDEX(Tables!$J$5:$J$254,MATCH(27,Tables!$AA$5:$AA$254,0))&"","")
A90: =IFERROR(INDEX(Tables!$A$5:$A$254,MATCH(28,Tables!$AA$5:$AA$254,0))&"","") | B90: =IFERROR(INDEX(Tables!$B$5:$B$254,MATCH(28,Tables!$AA$5:$AA$254,0))&"","") | C90: =IFERROR(INDEX(Tables!$K$5:$K$254,MATCH(28,Tables!$AA$5:$AA$254,0))&"","") | D90: =IFERROR(INDEX(Tables!$D$5:$D$254,MATCH(28,Tables!$AA$5:$AA$254,0))&"","") | E90: =IFERROR(INDEX(Tables!$E$5:$E$254,MATCH(28,Tables!$AA$5:$AA$254,0))&"","") | F90: =IFERROR(INDEX(Tables!$J$5:$J$254,MATCH(28,Tables!$AA$5:$AA$254,0))&"","")
A91: =IFERROR(INDEX(Tables!$A$5:$A$254,MATCH(29,Tables!$AA$5:$AA$254,0))&"","") | B91: =IFERROR(INDEX(Tables!$B$5:$B$254,MATCH(29,Tables!$AA$5:$AA$254,0))&"","") | C91: =IFERROR(INDEX(Tables!$K$5:$K$254,MATCH(29,Tables!$AA$5:$AA$254,0))&"","") | D91: =IFERROR(INDEX(Tables!$D$5:$D$254,MATCH(29,Tables!$AA$5:$AA$254,0))&"","") | E91: =IFERROR(INDEX(Tables!$E$5:$E$254,MATCH(29,Tables!$AA$5:$AA$254,0))&"","") | F91: =IFERROR(INDEX(Tables!$J$5:$J$254,MATCH(29,Tables!$AA$5:$AA$254,0))&"","")
A92: =IFERROR(INDEX(Tables!$A$5:$A$254,MATCH(30,Tables!$AA$5:$AA$254,0))&"","") | B92: =IFERROR(INDEX(Tables!$B$5:$B$254,MATCH(30,Tables!$AA$5:$AA$254,0))&"","") | C92: =IFERROR(INDEX(Tables!$K$5:$K$254,MATCH(30,Tables!$AA$5:$AA$254,0))&"","") | D92: =IFERROR(INDEX(Tables!$D$5:$D$254,MATCH(30,Tables!$AA$5:$AA$254,0))&"","") | E92: =IFERROR(INDEX(Tables!$E$5:$E$254,MATCH(30,Tables!$AA$5:$AA$254,0))&"","") | F92: =IFERROR(INDEX(Tables!$J$5:$J$254,MATCH(30,Tables!$AA$5:$AA$254,0))&"","")
A93: =IFERROR(INDEX(Tables!$A$5:$A$254,MATCH(31,Tables!$AA$5:$AA$254,0))&"","") | B93: =IFERROR(INDEX(Tables!$B$5:$B$254,MATCH(31,Tables!$AA$5:$AA$254,0))&"","") | C93: =IFERROR(INDEX(Tables!$K$5:$K$254,MATCH(31,Tables!$AA$5:$AA$254,0))&"","") | D93: =IFERROR(INDEX(Tables!$D$5:$D$254,MATCH(31,Tables!$AA$5:$AA$254,0))&"","") | E93: =IFERROR(INDEX(Tables!$E$5:$E$254,MATCH(31,Tables!$AA$5:$AA$254,0))&"","") | F93: =IFERROR(INDEX(Tables!$J$5:$J$254,MATCH(31,Tables!$AA$5:$AA$254,0))&"","")
A94: =IFERROR(INDEX(Tables!$A$5:$A$254,MATCH(32,Tables!$AA$5:$AA$254,0))&"","") | B94: =IFERROR(INDEX(Tables!$B$5:$B$254,MATCH(32,Tables!$AA$5:$AA$254,0))&"","") | C94: =IFERROR(INDEX(Tables!$K$5:$K$254,MATCH(32,Tables!$AA$5:$AA$254,0))&"","") | D94: =IFERROR(INDEX(Tables!$D$5:$D$254,MATCH(32,Tables!$AA$5:$AA$254,0))&"","") | E94: =IFERROR(INDEX(Tables!$E$5:$E$254,MATCH(32,Tables!$AA$5:$AA$254,0))&"","") | F94: =IFERROR(INDEX(Tables!$J$5:$J$254,MATCH(32,Tables!$AA$5:$AA$254,0))&"","")
A95: =IFERROR(INDEX(Tables!$A$5:$A$254,MATCH(33,Tables!$AA$5:$AA$254,0))&"","") | B95: =IFERROR(INDEX(Tables!$B$5:$B$254,MATCH(33,Tables!$AA$5:$AA$254,0))&"","") | C95: =IFERROR(INDEX(Tables!$K$5:$K$254,MATCH(33,Tables!$AA$5:$AA$254,0))&"","") | D95: =IFERROR(INDEX(Tables!$D$5:$D$254,MATCH(33,Tables!$AA$5:$AA$254,0))&"","") | E95: =IFERROR(INDEX(Tables!$E$5:$E$254,MATCH(33,Tables!$AA$5:$AA$254,0))&"","") | F95: =IFERROR(INDEX(Tables!$J$5:$J$254,MATCH(33,Tables!$AA$5:$AA$254,0))&"","")
A96: =IFERROR(INDEX(Tables!$A$5:$A$254,MATCH(34,Tables!$AA$5:$AA$254,0))&"","") | B96: =IFERROR(INDEX(Tables!$B$5:$B$254,MATCH(34,Tables!$AA$5:$AA$254,0))&"","") | C96: =IFERROR(INDEX(Tables!$K$5:$K$254,MATCH(34,Tables!$AA$5:$AA$254,0))&"","") | D96: =IFERROR(INDEX(Tables!$D$5:$D$254,MATCH(34,Tables!$AA$5:$AA$254,0))&"","") | E96: =IFERROR(INDEX(Tables!$E$5:$E$254,MATCH(34,Tables!$AA$5:$AA$254,0))&"","") | F96: =IFERROR(INDEX(Tables!$J$5:$J$254,MATCH(34,Tables!$AA$5:$AA$254,0))&"","")
A97: =IFERROR(INDEX(Tables!$A$5:$A$254,MATCH(35,Tables!$AA$5:$AA$254,0))&"","") | B97: =IFERROR(INDEX(Tables!$B$5:$B$254,MATCH(35,Tables!$AA$5:$AA$254,0))&"","") | C97: =IFERROR(INDEX(Tables!$K$5:$K$254,MATCH(35,Tables!$AA$5:$AA$254,0))&"","") | D97: =IFERROR(INDEX(Tables!$D$5:$D$254,MATCH(35,Tables!$AA$5:$AA$254,0))&"","") | E97: =IFERROR(INDEX(Tables!$E$5:$E$254,MATCH(35,Tables!$AA$5:$AA$254,0))&"","") | F97: =IFERROR(INDEX(Tables!$J$5:$J$254,MATCH(35,Tables!$AA$5:$AA$254,0))&"","")
A98: =IFERROR(INDEX(Tables!$A$5:$A$254,MATCH(36,Tables!$AA$5:$AA$254,0))&"","") | B98: =IFERROR(INDEX(Tables!$B$5:$B$254,MATCH(36,Tables!$AA$5:$AA$254,0))&"","") | C98: =IFERROR(INDEX(Tables!$K$5:$K$254,MATCH(36,Tables!$AA$5:$AA$254,0))&"","") | D98: =IFERROR(INDEX(Tables!$D$5:$D$254,MATCH(36,Tables!$AA$5:$AA$254,0))&"","") | E98: =IFERROR(INDEX(Tables!$E$5:$E$254,MATCH(36,Tables!$AA$5:$AA$254,0))&"","") | F98: =IFERROR(INDEX(Tables!$J$5:$J$254,MATCH(36,Tables!$AA$5:$AA$254,0))&"","")
A99: =IFERROR(INDEX(Tables!$A$5:$A$254,MATCH(37,Tables!$AA$5:$AA$254,0))&"","") | B99: =IFERROR(INDEX(Tables!$B$5:$B$254,MATCH(37,Tables!$AA$5:$AA$254,0))&"","") | C99: =IFERROR(INDEX(Tables!$K$5:$K$254,MATCH(37,Tables!$AA$5:$AA$254,0))&"","") | D99: =IFERROR(INDEX(Tables!$D$5:$D$254,MATCH(37,Tables!$AA$5:$AA$254,0))&"","") | E99: =IFERROR(INDEX(Tables!$E$5:$E$254,MATCH(37,Tables!$AA$5:$AA$254,0))&"","") | F99: =IFERROR(INDEX(Tables!$J$5:$J$254,MATCH(37,Tables!$AA$5:$AA$254,0))&"","")
A100: =IFERROR(INDEX(Tables!$A$5:$A$254,MATCH(38,Tables!$AA$5:$AA$254,0))&"","") | B100: =IFERROR(INDEX(Tables!$B$5:$B$254,MATCH(38,Tables!$AA$5:$AA$254,0))&"","") | C100: =IFERROR(INDEX(Tables!$K$5:$K$254,MATCH(38,Tables!$AA$5:$AA$254,0))&"","") | D100: =IFERROR(INDEX(Tables!$D$5:$D$254,MATCH(38,Tables!$AA$5:$AA$254,0))&"","") | E100: =IFERROR(INDEX(Tables!$E$5:$E$254,MATCH(38,Tables!$AA$5:$AA$254,0))&"","") | F100: =IFERROR(INDEX(Tables!$J$5:$J$254,MATCH(38,Tables!$AA$5:$AA$254,0))&"","")
A101: =IFERROR(INDEX(Tables!$A$5:$A$254,MATCH(39,Tables!$AA$5:$AA$254,0))&"","") | B101: =IFERROR(INDEX(Tables!$B$5:$B$254,MATCH(39,Tables!$AA$5:$AA$254,0))&"","") | C101: =IFERROR(INDEX(Tables!$K$5:$K$254,MATCH(39,Tables!$AA$5:$AA$254,0))&"","") | D101: =IFERROR(INDEX(Tables!$D$5:$D$254,MATCH(39,Tables!$AA$5:$AA$254,0))&"","") | E101: =IFERROR(INDEX(Tables!$E$5:$E$254,MATCH(39,Tables!$AA$5:$AA$254,0))&"","") | F101: =IFERROR(INDEX(Tables!$J$5:$J$254,MATCH(39,Tables!$AA$5:$AA$254,0))&"","")
A102: =IFERROR(INDEX(Tables!$A$5:$A$254,MATCH(40,Tables!$AA$5:$AA$254,0))&"","") | B102: =IFERROR(INDEX(Tables!$B$5:$B$254,MATCH(40,Tables!$AA$5:$AA$254,0))&"","") | C102: =IFERROR(INDEX(Tables!$K$5:$K$254,MATCH(40,Tables!$AA$5:$AA$254,0))&"","") | D102: =IFERROR(INDEX(Tables!$D$5:$D$254,MATCH(40,Tables!$AA$5:$AA$254,0))&"","") | E102: =IFERROR(INDEX(Tables!$E$5:$E$254,MATCH(40,Tables!$AA$5:$AA$254,0))&"","") | F102: =IFERROR(INDEX(Tables!$J$5:$J$254,MATCH(40,Tables!$AA$5:$AA$254,0))&"","")
A104: Stacked tables (depth 2 or more)
A105: Layers built on layers: the simplification candidates. Back to top: | C105: =HYPERLINK("#'Decisions'!A1","top") -> top
A106: Table ID | B106: Table name | C106: Depth | D106: Lineage chain | E106: Disposition | F106: Metrics depending
...

Sheet Column guide
A1: Column guide
A2: What every column means and how to fill it. The same text appears as a hover note on each column header. Columns marked Filled automatically are formulas.
A4: Sheet | B4: Column | C4: What it means and how to fill it | D4: Example
A5: Products | B5: Product ID | C5: A short code you assign: P-001, P-002 and so on. Never changes once given. Other sheets use it to refer to the product. | D5: P-001
A6: Products | B6: Product name | C6: The name people actually use. | D6: TA scorecard
A7: Products | B7: Type | C7: Scorecard = the executive view. Dashboard = a Tableau or QuickSight view people open. Sent report = something emailed or posted on a schedule. Data pull = a recurring extract. Table = a table other teams read directly. | D7: Dashboard
A8: Products | B8: Tool | C8: Where it lives. | D8: Tableau
A9: Products | B9: Audience | C9: Who looks at it. | D9: Recruiting leads
A10: Products | B10: Owner (team) | C10: The team responsible for keeping it working. | D10: Team Opportunity
A11: Products | B11: Point of contact | C11: The person to call about it. Human-only. | D11: A. Patel
A12: Products | B12: Refresh frequency | C12: How often the data behind it updates. For dashboards this is the extract or live refresh schedule. | D12: Daily
A13: Products | B13: Delivery cadence | C13: Sent reports only: when and to whom it goes out. Leave blank for dashboards. | D13: Sent monthly to TA leadership
A14: Products | B14: Notes | C14: Anything else worth knowing. | D14: Often questioned at QBR
A15: Products | B15: Source (where found) | C15: The file or place the row came from: a workbook file name, a repo path, a deck, a conversation. | D15: scorecard.twb
... A26: Populations | B26: Metrics using it | C26: Filled automatically: how many metrics reference this population. | D26: 4
A27: Populations | B27: Notes | C27: Anything else.
A28: Metrics | B28: Metric ID | C28: A short code: M-001, M-002. If the same name is calculated two different ways today, each way gets its own ID. | D28: M-001
A29: Metrics | B29: Metric family | C29: The plain name people use, shared by every variant. All the cycle times are family Cycle time. If a family ends up with more than one definition, it appears on Decisions as something to align. | D29: Cycle time
A30: Metrics | B30: Metric name | C30: The specific name, with the distinguishing part in brackets when there is more than one version. | D30: Cycle time (approved to accepted)
A31: Metrics | B31: Definition (plain words) | C31: How the number is calculated, written so a recruiter would understand it. What starts the clock, what ends it, what happens on a transfer. No SQL. Do not restate who is counted; that is the Population. | D31: Calendar days from approval to offer accepted; transfers keep the original approval date
A32: Metrics | B32: Population ID | C32: Which standard population this metric counts. Pick from the Populations sheet. | D32: POP-001
A33: Metrics | B33: Population | C33: Filled automatically. | D33: Standard requisitions
A34: Metrics | B34: Grain (one row per) | C34: The thing you count or average over. Ask: if I listed this metric line by line, what is each line? A requisition? An opening (one req can have several)? An application? A hire? A req with three openings gives one number per req but three per opening, so this changes the answer. | D34: Opening
A35: Metrics | B35: Unit | C35: Days, count, percent, dollars. | D35: Days
A36: Metrics | B36: Status | C36: Draft = our proposal. Under review = with TAAA. Agreed = both teams signed off. Certified = agreed and built into a certified table. | D36: Draft
A37: Metrics | B37: Owner | C37: Who on our team owns the definition. | D37: A. Patel
A38: Metrics | B38: Products using it | C38: Filled automatically. | D38: 3
A39: Metrics | B39: Fields needed | C39: Filled automatically. | D39: 5
... A46: Metric to Product | B46: How it is shown | C46: What the product does with it: headline tile, trend, table, filter. | D46: Trend by recruiter, monthly
A47: Metric to Product | B47: Notes | C47: Anything else.
A48: Tables | B48: Table ID | C48: A short code: T-001, T-002. | D48: T-004
A49: Tables | B49: Table name | C49: The name as it appears in Snowflake or our documentation. | D49: Requisition linkage table
A50: Tables | B50: Layer | C50: HRDW = a warehouse table we read as delivered. Team custom = a table our team builds on top. Platform = a direct feed from a recruiting system (Workday, Canvas); only used once we hold the source-to-target mapping from PDP. | D50: Team custom
A51: Tables | B51: Built from (table IDs, main parent first) | C51: For Team custom tables: the codes of the tables it reads from, main parent first. Lineage chain follows the first parent, so order matters. | D51: T-004, T-001
A52: Tables | B52: Why it exists | C52: The reason the table was created, in one or two sentences. For HRDW tables, what it is the source of record for. For Team custom tables, what problem it solves that the table below it does not. If nobody can say, write Unknown and set Disposition = Retire. | D52: Maps a transferred req to its original so clocks keep running
A53: Tables | B53: Owner (team) | C53: Team responsible for the table. | D53: Team Opportunity
A54: Tables | B54: Refresh owner | C54: Team that runs the refresh job. Often the same as Owner; not always. | D54: PDP
A55: Tables | B55: Point of contact | C55: The person to call. Human-only. | D55: A. Patel
A56: Tables | B56: Refresh | C56: How often it updates. | D56: Daily
A57: Tables | B57: Status | C57: Active = in use. Proposed = planned, not built. Retire = candidate to remove. Unknown = not sure yet. | D57: Active
A58: Tables | B58: Target layer | C58: Where this table belongs in the proposed architecture: Source tables (as delivered), Business rules (where our rules are applied), Certified tables (the agreed tables every product reads), Reporting (dashboards and pulls). Compare with Layer to see what moves. | D58: Business rules
A59: Tables | B59: Disposition | C59: What happens to it. Keep as is. Build (proposed, not yet built). Fix upstream (problem belongs to the source, goes to PDP). Move to business rules (logic is somewhere else today, such as inside a dashboard). Merge into certified table. Retire. Undecided. | D59: Merge into certified table
... A76: Fields | B76: Issue / note | C76: Describe the data problem if there is one. | D76: Flag is blank for about a fifth of requisitions
A77: Fields | B77: Notes | C77: Anything else.
A78: Fields | B78: Metrics using it | C78: Filled automatically. | D78: 2
A79: Fields | B79: Products reached | C79: Filled automatically: how many product placements depend on this field through the metrics that use it. | D79: 4
A80: Metric to Field | B80: Metric ID | C80: The metric's code. | D80: M-001
A81: Metric to Field | B81: Field ID | C81: The field's code. | D81: F-001
A82: Metric to Field | B82: Metric name | C82: Filled automatically. | D82: Cycle time (approved to accepted)
A83: Metric to Field | B83: Field name | C83: Filled automatically. | D83: Requisition approved date
A84: Metric to Field | B84: Role in the metric | C84: What the field does. Start of clock / End of clock = the two dates subtracted. Event counted = the thing being counted. Exclusion = decides which rows are left out. Attribution = decides who gets credit. Linkage = joins records, such as a transferred req to its original. Dimension = used only to slice. | D84: Start of clock
A85: Metric to Field | B85: Products using this metric | C85: Filled automatically. | D85: 3
A86: Metric to Field | B86: Notes | C86: Anything else.
A87: Dimensions | B87: Dimension ID | C87: A short code: D-001, D-002. | D87: D-001
A88: Dimensions | B88: Dimension name | C88: The cut as people name it in a filter: org, level, location, recruiter, source. | D88: Organisation
A89: Dimensions | B89: Agreed source table ID | C89: The one table the mapping should come from, once agreed. | D89: T-001
A90: Dimensions | B90: Agreed source table | C90: Filled automatically. | D90: HRDW requisition table
A91: Dimensions | B91: Agreed source field | C91: Which column, and any rule, such as 'hiring org on the requisition, not the recruiter's org'. | D91: Hiring org as recorded on the requisition
A92: Dimensions | B92: Status | C92: Draft, Under review, Agreed, Certified, as for metrics. | D92: Draft
A93: Dimensions | B93: Owner | C93: Who owns the agreement.
A94: Dimensions | B94: Usages | C94: Filled automatically: how many product usages are recorded. | D94: 3
A95: Dimensions | B95: Usages off the agreed source | C95: Filled automatically: how many products cut this dimension from a different table than the agreed one. Anything above zero is a place numbers can disagree even with one metric definition. | D95: 1
A96: Dimensions | B96: Notes | C96: Anything else.
A97: Dimension usage | B97: Product ID | C97: The product's code. | D97: P-002
A98: Dimension usage | B98: Dimension ID | C98: The dimension's code. | D98: D-001
A99: Dimension usage | B99: Product name | C99: Filled automatically. | D99: Recruiter view
A100: Dimension usage | B100: Dimension name | C100: Filled automatically. | D100: Organisation
A101: Dimension usage | B101: Mapping source table ID | C101: The table this product actually gets the cut from today. Found in the dashboard's data source or the SQL behind its extract. | D101: T-005
A102: Dimension usage | B102: Mapping source table | C102: Filled automatically. | D102: Recruiter scorecard base
A103: Dimension usage | B103: Matches agreed source? | C103: Filled automatically. No means this product slices from a different table than the agreed one, so its numbers can differ even when the metric definition matches. | D103: No
A104: Dimension usage | B104: Notes | C104: Anything else.
A105: Decision log | B105: Date | C105: When it was decided. | D105: 2026-10-07
A106: Decision log | B106: Decision | C106: What was agreed, in one or two sentences, specific enough to act on. | D106: Cycle time on the scorecard = approved to offer accepted
A107: Decision log | B107: Relates to (IDs) | C107: The metric, table, field, population or dimension codes it affects. | D107: M-001, M-002
A108: Decision log | B108: Decided by | C108: Who made the call. | D108: Team Opportunity
A109: Decision log | B109: Agreed with | C109: Who else signed off. Pending if not yet. | D109: TAAA
A110: Decision log | B110: Follow-up | C110: What has to happen because of it. | D110: Rename M-002; update recruiter view
A111: Decision log | B111: Notes | C111: Anything else.
A112: Questions | B112: Question ID | C112: Q-001, Q-002. | D112: Q-001
A113: Questions | B113: Raised on | C113: Date raised. | D113: 2026-10-07
A114: Questions | B114: Sheet | C114: Which sheet the uncertainty is about. | D114: Metrics
A115: Questions | B115: Row ID | C115: The row's code, if it exists yet. | D115: M-002
A116: Questions | B116: Question | C116: The question, written so someone who was not there can answer it. | D116: Is this the same metric as the scorecard's cycle time?
A117: Questions | B117: What was seen | C117: The evidence: the two formulas, the two values, the file names. | D117: DATEDIFF(approved, accepted) vs DATEDIFF(posted, start)
A118: Questions | B118: Status | C118: Open, Answered, Dropped. | D118: Open
A119: Questions | B119: Answer | C119: The answer, once given.
A120: Questions | B120: Answered by | C120: Who answered.
A121: Questions | B121: Answered on | C121: Date answered.
A122: All sheets | B122: Source (where found) | C122: On every sheet: the file or place the row came from. A workbook file name, a repo path, a deck, 'conversation with X'. | D122: scorecard.twb
A123: All sheets | B123: Confidence | C123: On every sheet. Found = read directly from a file. Inferred = deduced from more than one file. Guessed = best guess, must be verified. Human = a person entered or confirmed it. | D123: Found
A124: All sheets | B124: Last verified | C124: Date a person last confirmed the row is still true. Blank means nobody has. | D124: 2026-10-07
A125: All sheets | B125: Verified by | C125: Who confirmed it. | D125: A. Patel

Sheet Products
A1: Products
A2: One row per thing people look at. ID is the key used on Metric to Product and Dimension usage.
A4: Product ID | B4: Product name | C4: Type | D4: Tool | E4: Audience | F4: Owner (team) | G4: Point of contact | H4: Refresh frequency | I4: Delivery cadence | J4: Notes | K4: Source (where found) | L4: Confidence | M4: Last verified | N4: Verified by
A5: P-001 | B5: TA scorecard | C5: Scorecard | D5: Tableau | E5: Executives | F5: Team Opportunity | H5: Weekly | I5: Sent monthly to TA leadership | J5: Example. One tab per org, same metrics; a few tabs with different metrics. | L5: Human | M5: 2026-10-07
A6: P-002 | B6: Recruiter view | C6: Dashboard | D6: Tableau | E6: Recruiting team | F6: Team Opportunity | H6: Daily | J6: Example. | L6: Human | M6: 2026-10-07
A7: P-003 | B7: Hiring manager view | C7: Dashboard | D7: Tableau | E7: Hiring managers | F7: Team Opportunity | H7: Daily | J7: Example. | L7: Human | M7: 2026-10-07

Sheet Metrics
A1: Metrics
A2: One row per distinct definition. Same idea, different rule = different row, same family. Same rule, different cut = one row (the cut is a dimension).
A4: Metric ID | B4: Metric family | C4: Metric name | D4: Definition (plain words) | E4: Population ID | F4: Population | G4: Grain (one row per) | H4: Unit | I4: Status | J4: Owner | K4: Products using it | L4: Fields needed | M4: Definitions in family | N4: Notes | O4: Source (where found) | P4: Confidence | Q4: Last verified | R4: Verified by | S4: h_conflict
A5: M-001 | B5: Cycle time | C5: Cycle time (approved to accepted) | D5: Calendar days from requisition approval to offer acceptance. If a requisition is transferred, the clock keeps running from the original approval date. | E5: POP-001 | F5: =IF(E5="","",IFERROR(INDEX(Populations!$B:$B,MATCH(E5,Populations!$A:$A,0)),"ID not found")) -> Standard requisitions | G5: Opening | H5: Days | I5: Draft | K5: =IF(A5="","",COUNTIF('Metric to Product'!$A:$A,A5)) -> 2 | L5: =IF(A5="","",COUNTIF('Metric to Field'!$A:$A,A5)) -> 5 | M5: =IF(B5="","",COUNTIF($B$5:$B$254,B5)) -> 2 | N5: Example. Proposed scorecard version. | O5: scorecard.twb | P5: Found | Q5: 2026-10-07 | S5: =IF(AND(A5<>"",M5>1),COUNTIFS($A$5:A5,"<>",$M$5:M5,">1"),"") -> 1
A6: M-002 | B6: Cycle time | C6: Cycle time (posted to start) | D6: Calendar days from the requisition being posted to the new hire's start date. | E6: POP-001 | F6: =IF(E6="","",IFERROR(INDEX(Populations!$B:$B,MATCH(E6,Populations!$A:$A,0)),"ID not found")) -> Standard requisitions | G6: Opening | H6: Days | I6: Draft | K6: =IF(A6="","",COUNTIF('Metric to Product'!$A:$A,A6)) -> 1 | L6: =IF(A6="","",COUNTIF('Metric to Field'!$A:$A,A6)) -> 3 | M6: =IF(B6="","",COUNTIF($B$5:$B$254,B6)) -> 2 | N6: Example. A second clock with the same name, found on the recruiter view. Family has two definitions, so it appears on Decisions. | O6: recruiter_view.twb | P6: Found | Q6: 2026-10-07 | S6: =IF(AND(A6<>"",M6>1),COUNTIFS($A$5:A6,"<>",$M$5:M6,">1"),"") -> 2
A7: M-003 | B7: Hires | C7: Hires | D7: Count of accepted offers in the period. Cut by recruiter, org or level as a dimension; the count itself does not change. | E7: POP-002 | F7: =IF(E7="","",IFERROR(INDEX(Populations!$B:$B,MATCH(E7,Populations!$A:$A,0)),"ID not found")) -> All accepted offers | G7: Hire | H7: Count | I7: Draft | K7: =IF(A7="","",COUNTIF('Metric to Product'!$A:$A,A7)) -> 2 | L7: =IF(A7="","",COUNTIF('Metric to Field'!$A:$A,A7)) -> 2 | M7: =IF(B7="","",COUNTIF($B$5:$B$254,B7)) -> 1 | N7: Example. Hires by recruiter is this metric cut by the recruiter dimension, not a separate metric. | O7: scorecard.twb | P7: Found | Q7: 2026-10-07 | S7: =IF(AND(A7<>"",M7>1),COUNTIFS($A$5:A7,"<>",$M$5:M7,">1"),"")
F8: =IF(E8="","",IFERROR(INDEX(Populations!$B:$B,MATCH(E8,Populations!$A:$A,0)),"ID not found")) | K8: =IF(A8="","",COUNTIF('Metric to Product'!$A:$A,A8)) | L8: =IF(A8="","",COUNTIF('Metric to Field'!$A:$A,A8)) | M8: =IF(B8="","",COUNTIF($B$5:$B$254,B8)) | S8: =IF(AND(A8<>"",M8>1),COUNTIFS($A$5:A8,"<>",$M$5:M8,">1"),"")
F9: =IF(E9="","",IFERROR(INDEX(Populations!$B:$B,MATCH(E9,Populations!$A:$A,0)),"ID not found")) | K9: =IF(A9="","",COUNTIF('Metric to Product'!$A:$A,A9)) | L9: =IF(A9="","",COUNTIF('Metric to Field'!$A:$A,A9)) | M9: =IF(B9="","",COUNTIF($B$5:$B$254,B9)) | S9: =IF(AND(A9<>"",M9>1),COUNTIFS($A$5:A9,"<>",$M$5:M9,">1"),"")
F10: =IF(E10="","",IFERROR(INDEX(Populations!$B:$B,MATCH(E10,Populations!$A:$A,0)),"ID not found")) | K10: =IF(A10="","",COUNTIF('Metric to Product'!$A:$A,A10)) | L10: =IF(A10="","",COUNTIF('Metric to Field'!$A:$A,A10)) | M10: =IF(B10="","",COUNTIF($B$5:$B$254,B10)) | S10: =IF(AND(A10<>"",M10>1),COUNTIFS($A$5:A10,"<>",$M$5:M10,">1"),"")
F11: =IF(E11="","",IFERROR(INDEX(Populations!$B:$B,MATCH(E11,Populations!$A:$A,0)),"ID not found")) | K11: =IF(A11="","",COUNTIF('Metric to Product'!$A:$A,A11)) | L11: =IF(A11="","",COUNTIF('Metric to Field'!$A:$A,A11)) | M11: =IF(B11="","",COUNTIF($B$5:$B$254,B11)) | S11: =IF(AND(A11<>"",M11>1),COUNTIFS($A$5:A11,"<>",$M$5:M11,">1"),"")
F12: =IF(E12="","",IFERROR(INDEX(Populations!$B:$B,MATCH(E12,Populations!$A:$A,0)),"ID not found")) | K12: =IF(A12="","",COUNTIF('Metric to Product'!$A:$A,A12)) | L12: =IF(A12="","",COUNTIF('Metric to Field'!$A:$A,A12)) | M12: =IF(B12="","",COUNTIF($B$5:$B$254,B12)) | S12: =IF(AND(A12<>"",M12>1),COUNTIFS($A$5:A12,"<>",$M$5:M12,">1"),"")
F13: =IF(E13="","",IFERROR(INDEX(Populations!$B:$B,MATCH(E13,Populations!$A:$A,0)),"ID not found")) | K13: =IF(A13="","",COUNTIF('Metric to Product'!$A:$A,A13)) | L13: =IF(A13="","",COUNTIF('Metric to Field'!$A:$A,A13)) | M13: =IF(B13="","",COUNTIF($B$5:$B$254,B13)) | S13: =IF(AND(A13<>"",M13>1),COUNTIFS($A$5:A13,"<>",$M$5:M13,">1"),"")
F14: =IF(E14="","",IFERROR(INDEX(Populations!$B:$B,MATCH(E14,Populations!$A:$A,0)),"ID not found")) | K14: =IF(A14="","",COUNTIF('Metric to Product'!$A:$A,A14)) | L14: =IF(A14="","",COUNTIF('Metric to Field'!$A:$A,A14)) | M14: =IF(B14="","",COUNTIF($B$5:$B$254,B14)) | S14: =IF(AND(A14<>"",M14>1),COUNTIFS($A$5:A14,"<>",$M$5:M14,">1"),"")
F15: =IF(E15="","",IFERROR(INDEX(Populations!$B:$B,MATCH(E15,Populations!$A:$A,0)),"ID not found")) | K15: =IF(A15="","",COUNTIF('Metric to Product'!$A:$A,A15)) | L15: =IF(A15="","",COUNTIF('Metric to Field'!$A:$A,A15)) | M15: =IF(B15="","",COUNTIF($B$5:$B$254,B15)) | S15: =IF(AND(A15<>"",M15>1),COUNTIFS($A$5:A15,"<>",$M$5:M15,">1"),"")
F16: =IF(E16="","",IFERROR(INDEX(Populations!$B:$B,MATCH(E16,Populations!$A:$A,0)),"ID not found")) | K16: =IF(A16="","",COUNTIF('Metric to Product'!$A:$A,A16)) | L16: =IF(A16="","",COUNTIF('Metric to Field'!$A:$A,A16)) | M16: =IF(B16="","",COUNTIF($B$5:$B$254,B16)) | S16: =IF(AND(A16<>"",M16>1),COUNTIFS($A$5:A16,"<>",$M$5:M16,">1"),"")
F17: =IF(E17="","",IFERROR(INDEX(Populations!$B:$B,MATCH(E17,Populations!$A:$A,0)),"ID not found")) | K17: =IF(A17="","",COUNTIF('Metric to Product'!$A:$A,A17)) | L17: =IF(A17="","",COUNTIF('Metric to Field'!$A:$A,A17)) | M17: =IF(B17="","",COUNTIF($B$5:$B$254,B17)) | S17: =IF(AND(A17<>"",M17>1),COUNTIFS($A$5:A17,"<>",$M$5:M17,">1"),"")
F18: =IF(E18="","",IFERROR(INDEX(Populations!$B:$B,MATCH(E18,Populations!$A:$A,0)),"ID not found")) | K18: =IF(A18="","",COUNTIF('Metric to Product'!$A:$A,A18)) | L18: =IF(A18="","",COUNTIF('Metric to Field'!$A:$A,A18)) | M18: =IF(B18="","",COUNTIF($B$5:$B$254,B18)) | S18: =IF(AND(A18<>"",M18>1),COUNTIFS($A$5:A18,"<>",$M$5:M18,">1"),"")
F19: =IF(E19="","",IFERROR(INDEX(Populations!$B:$B,MATCH(E19,Populations!$A:$A,0)),"ID not found")) | K19: =IF(A19="","",COUNTIF('Metric to Product'!$A:$A,A19)) | L19: =IF(A19="","",COUNTIF('Metric to Field'!$A:$A,A19)) | M19: =IF(B19="","",COUNTIF($B$5:$B$254,B19)) | S19: =IF(AND(A19<>"",M19>1),COUNTIFS($A$5:A19,"<>",$M$5:M19,">1"),"")
... F254: =IF(E254="","",IFERROR(INDEX(Populations!$B:$B,MATCH(E254,Populations!$A:$A,0)),"ID not found")) | K254: =IF(A254="","",COUNTIF('Metric to Product'!$A:$A,A254)) | L254: =IF(A254="","",COUNTIF('Metric to Field'!$A:$A,A254)) | M254: =IF(B254="","",COUNTIF($B$5:$B$254,B254)) | S254: =IF(AND(A254<>"",M254>1),COUNTIFS($A$5:A254,"<>",$M$5:M254,">1"),"")

Sheet Metric to Product
A1: Metric to Product
A2: One row per place a metric appears. Type the two IDs; names fill in.
A4: Metric ID | B4: Product ID | C4: Metric name | D4: Product name | E4: How it is shown | F4: Notes | G4: Source (where found) | H4: Confidence
A5: M-001 | B5: P-001 | C5: =IF(A5="","",IFERROR(INDEX(Metrics!$C:$C,MATCH(A5,Metrics!$A:$A,0)),"ID not found")) -> Cycle time (approved to accepted) | D5: =IF(B5="","",IFERROR(INDEX(Products!$B:$B,MATCH(B5,Products!$A:$A,0)),"ID not found")) -> TA scorecard | E5: Headline tile, quarterly average, one tab per org | F5: Example. | G5: scorecard.twb | H5: Found
A6: M-002 | B6: P-002 | C6: =IF(A6="","",IFERROR(INDEX(Metrics!$C:$C,MATCH(A6,Metrics!$A:$A,0)),"ID not found")) -> Cycle time (posted to start) | D6: =IF(B6="","",IFERROR(INDEX(Products!$B:$B,MATCH(B6,Products!$A:$A,0)),"ID not found")) -> Recruiter view | E6: Trend by recruiter, monthly | F6: Example. | G6: recruiter_view.twb | H6: Found
A7: M-001 | B7: P-003 | C7: =IF(A7="","",IFERROR(INDEX(Metrics!$C:$C,MATCH(A7,Metrics!$A:$A,0)),"ID not found")) -> Cycle time (approved to accepted) | D7: =IF(B7="","",IFERROR(INDEX(Products!$B:$B,MATCH(B7,Products!$A:$A,0)),"ID not found")) -> Hiring manager view | E7: Average per hiring manager | F7: Example. | G7: hm_view.twb | H7: Found
A8: M-003 | B8: P-001 | C8: =IF(A8="","",IFERROR(INDEX(Metrics!$C:$C,MATCH(A8,Metrics!$A:$A,0)),"ID not found")) -> Hires | D8: =IF(B8="","",IFERROR(INDEX(Products!$B:$B,MATCH(B8,Products!$A:$A,0)),"ID not found")) -> TA scorecard | E8: Count, one tab per org | F8: Example. | G8: scorecard.twb | H8: Found
A9: M-003 | B9: P-002 | C9: =IF(A9="","",IFERROR(INDEX(Metrics!$C:$C,MATCH(A9,Metrics!$A:$A,0)),"ID not found")) -> Hires | D9: =IF(B9="","",IFERROR(INDEX(Products!$B:$B,MATCH(B9,Products!$A:$A,0)),"ID not found")) -> Recruiter view | E9: Bar by recruiter, quarter to date | F9: Example. | G9: recruiter_view.twb | H9: Found
C10: =IF(A10="","",IFERROR(INDEX(Metrics!$C:$C,MATCH(A10,Metrics!$A:$A,0)),"ID not found")) | D10: =IF(B10="","",IFERROR(INDEX(Products!$B:$B,MATCH(B10,Products!$A:$A,0)),"ID not found"))
C11: =IF(A11="","",IFERROR(INDEX(Metrics!$C:$C,MATCH(A11,Metrics!$A:$A,0)),"ID not found")) | D11: =IF(B11="","",IFERROR(INDEX(Products!$B:$B,MATCH(B11,Products!$A:$A,0)),"ID not found"))
C12: =IF(A12="","",IFERROR(INDEX(Metrics!$C:$C,MATCH(A12,Metrics!$A:$A,0)),"ID not found")) | D12: =IF(B12="","",IFERROR(INDEX(Products!$B:$B,MATCH(B12,Products!$A:$A,0)),"ID not found"))
C13: =IF(A13="","",IFERROR(INDEX(Metrics!$C:$C,MATCH(A13,Metrics!$A:$A,0)),"ID not found")) | D13: =IF(B13="","",IFERROR(INDEX(Products!$B:$B,MATCH(B13,Products!$A:$A,0)),"ID not found"))
C14: =IF(A14="","",IFERROR(INDEX(Metrics!$C:$C,MATCH(A14,Metrics!$A:$A,0)),"ID not found")) | D14: =IF(B14="","",IFERROR(INDEX(Products!$B:$B,MATCH(B14,Products!$A:$A,0)),"ID not found"))
C15: =IF(A15="","",IFERROR(INDEX(Metrics!$C:$C,MATCH(A15,Metrics!$A:$A,0)),"ID not found")) | D15: =IF(B15="","",IFERROR(INDEX(Products!$B:$B,MATCH(B15,Products!$A:$A,0)),"ID not found"))
C16: =IF(A16="","",IFERROR(INDEX(Metrics!$C:$C,MATCH(A16,Metrics!$A:$A,0)),"ID not found")) | D16: =IF(B16="","",IFERROR(INDEX(Products!$B:$B,MATCH(B16,Products!$A:$A,0)),"ID not found"))
C17: =IF(A17="","",IFERROR(INDEX(Metrics!$C:$C,MATCH(A17,Metrics!$A:$A,0)),"ID not found")) | D17: =IF(B17="","",IFERROR(INDEX(Products!$B:$B,MATCH(B17,Products!$A:$A,0)),"ID not found"))
C18: =IF(A18="","",IFERROR(INDEX(Metrics!$C:$C,MATCH(A18,Metrics!$A:$A,0)),"ID not found")) | D18: =IF(B18="","",IFERROR(INDEX(Products!$B:$B,MATCH(B18,Products!$A:$A,0)),"ID not found"))
C19: =IF(A19="","",IFERROR(INDEX(Metrics!$C:$C,MATCH(A19,Metrics!$A:$A,0)),"ID not found")) | D19: =IF(B19="","",IFERROR(INDEX(Products!$B:$B,MATCH(B19,Products!$A:$A,0)),"ID not found"))
C20: =IF(A20="","",IFERROR(INDEX(Metrics!$C:$C,MATCH(A20,Metrics!$A:$A,0)),"ID not found")) | D20: =IF(B20="","",IFERROR(INDEX(Products!$B:$B,MATCH(B20,Products!$A:$A,0)),"ID not found"))
C21: =IF(A21="","",IFERROR(INDEX(Metrics!$C:$C,MATCH(A21,Metrics!$A:$A,0)),"ID not found")) | D21: =IF(B21="","",IFERROR(INDEX(Products!$B:$B,MATCH(B21,Products!$A:$A,0)),"ID not found"))
... C504: =IF(A504="","",IFERROR(INDEX(Metrics!$C:$C,MATCH(A504,Metrics!$A:$A,0)),"ID not found")) | D504: =IF(B504="","",IFERROR(INDEX(Products!$B:$B,MATCH(B504,Products!$A:$A,0)),"ID not found"))

Sheet Populations
A1: Populations
A2: Who is counted. Define each standard reporting population once here; metrics reference the ID instead of restating it.
A4: Population ID | B4: Population name | C4: Definition (plain words) | D4: Includes | E4: Excludes | F4: Status | G4: Owner | H4: Metrics using it | I4: Notes | J4: Source (where found) | K4: Confidence | L4: Last verified | M4: Verified by
A5: POP-001 | B5: Standard requisitions | C5: Requisitions for a named role that go through the normal approval process. | D5: Approved requisitions, internal and external, all levels | E5: Evergreen requisitions, cancelled requisitions, contingent worker requests | F5: Draft | H5: =IF(A5="","",COUNTIF(Metrics!$E:$E,A5)) -> 2 | I5: Example. The population most TA metrics should share. | K5: Human | L5: 2026-10-07
A6: POP-002 | B6: All accepted offers | C6: Every offer accepted in the period, regardless of requisition type. | D6: Internal and external hires | E6: Rescinded offers | F6: Draft | H6: =IF(A6="","",COUNTIF(Metrics!$E:$E,A6)) -> 1 | I6: Example. | K6: Human | L6: 2026-10-07
H7: =IF(A7="","",COUNTIF(Metrics!$E:$E,A7))
H8: =IF(A8="","",COUNTIF(Metrics!$E:$E,A8))
H9: =IF(A9="","",COUNTIF(Metrics!$E:$E,A9))
H10: =IF(A10="","",COUNTIF(Metrics!$E:$E,A10))
H11: =IF(A11="","",COUNTIF(Metrics!$E:$E,A11))
H12: =IF(A12="","",COUNTIF(Metrics!$E:$E,A12))
H13: =IF(A13="","",COUNTIF(Metrics!$E:$E,A13))
H14: =IF(A14="","",COUNTIF(Metrics!$E:$E,A14))
H15: =IF(A15="","",COUNTIF(Metrics!$E:$E,A15))
H16: =IF(A16="","",COUNTIF(Metrics!$E:$E,A16))
H17: =IF(A17="","",COUNTIF(Metrics!$E:$E,A17))
H18: =IF(A18="","",COUNTIF(Metrics!$E:$E,A18))
... H64: =IF(A64="","",COUNTIF(Metrics!$E:$E,A64))

Sheet Tables
A1: Tables
A2: Every table we read from or build. Built from gives the lineage; put the main parent first. Depth and Lineage chain are computed from it.
A4: Table ID | B4: Table name | C4: Layer | D4: Built from (table IDs, main parent first) | E4: Why it exists | F4: Owner (team) | G4: Refresh owner | H4: Point of contact | I4: Refresh | J4: Status | K4: Target layer | L4: Disposition | M4: Depth | N4: Lineage chain | O4: Fields listed | P4: Metrics depending | Q4: Notes | R4: Source (where found) | S4: Confidence | T4: Last verified | U4: Verified by | V4: h_p1 | W4: h_p2 | X4: h_p3 | Y4: h_p4 | Z4: h_retire | AA4: h_build | AB4: h_deep | AC4: h_undecided
A5: T-001 | B5: HRDW requisition table | C5: HRDW | E5: Source of record for requisitions as delivered by the warehouse. | F5: PDP | G5: PDP | I5: Daily | J5: Active | K5: Source tables | L5: Keep as is | M5: =IF(A5="","",IF(V5="",0,IF(W5="",1,IF(X5="",2,IF(Y5="",3,"4+"))))) -> 0 | N5: =IF(A5="","",A5&IF(V5="",""," <- "&V5&IF(W5="",""," <- "&W5&IF(X5="",""," <- "&X5&IF(Y5="",""," <- "&Y5))))&IF(ISNUMBER(FIND(",",D5))," (+ other parents)","")) -> T-001 | O5: =IF(A5="","",COUNTIF(Fields!$D:$D,A5)) -> 4 | P5: =IF(A5="","",SUMIF(Fields!$D:$D,A5,Fields!$O:$O)) -> 8 | Q5: Example. | S5: Human | T5: 2026-10-07 | V5: =IF(A5="","",IF(IFERROR(INDEX($D:$D,MATCH(A5,$A:$A,0)),"")="","",TRIM(IF(ISNUMBER(FIND(",",IFERROR(INDEX($D:$D,MATCH(A5,$A:$A,0)),""))),LEFT(IFERROR(INDEX($D:$D,MATCH(A5,$A:$A,0)),""),FIND(",",IFERROR(INDEX($D:$D,MATCH(A5,$A:$A,0)),""))-1),IFERROR(INDEX($D:$D,MATCH(A5,$A:$A,0)),""))))) | W5: =IF(V5="","",IF(IFERROR(INDEX($D:$D,MATCH(V5,$A:$A,0)),"")="","",TRIM(IF(ISNUMBER(FIND(",",IFERROR(INDEX($D:$D,MATCH(V5,$A:$A,0)),""))),LEFT(IFERROR(INDEX($D:$D,MATCH(V5,$A:$A,0)),""),FIND(",",IFERROR(INDEX($D:$D,MATCH(V5,$A:$A,0)),""))-1),IFERROR(INDEX($D:$D,MATCH(V5,$A:$A,0)),""))))) | X5: =IF(W5="","",IF(IFERROR(INDEX($D:$D,MATCH(W5,$A:$A,0)),"")="","",TRIM(IF(ISNUMBER(FIND(",",IFERROR(INDEX($D:$D,MATCH(W5,$A:$A,0)),""))),LEFT(IFERROR(INDEX($D:$D,MATCH(W5,$A:$A,0)),""),FIND(",",IFERROR(INDEX($D:$D,MATCH(W5,$A:$A,0)),""))-1),IFERROR(INDEX($D:$D,MATCH(W5,$A:$A,0)),""))))) | Y5: =IF(X5="","",IF(IFERROR(INDEX($D:$D,MATCH(X5,$A:$A,0)),"")="","",TRIM(IF(ISNUMBER(FIND(",",IFERROR(INDEX($D:$D,MATCH(X5,$A:$A,0)),""))),LEFT(IFERROR(INDEX($D:$D,MATCH(X5,$A:$A,0)),""),FIND(",",IFERROR(INDEX($D:$D,MATCH(X5,$A:$A,0)),""))-1),IFERROR(INDEX($D:$D,MATCH(X5,$A:$A,0)),""))))) | Z5: =IF(AND(A5<>"",L5="Retire"),COUNTIF($L$5:L5,"Retire"),"") | AA5: =IF(AND(A5<>"",L5="Build"),COUNTIF($L$5:L5,"Build"),"") | AB5: =IF(AND(A5<>"",OR(M5="4+",AND(ISNUMBER(M5),M5>=2))),SUMPRODUCT(($A$5:A5<>"")*(($M$5:M5="4+")+(ISNUMBER($M$5:M5)*($M$5:M5>=2)))),"") | AC5: =IF(AND(A5<>"",OR(L5="",L5="Undecided",K5="")),SUMPRODUCT(($A$5:A5<>"")*(($L$5:L5="")+($L$5:L5="Undecided")+($K$5:K5=""))>0*1),"")
A6: T-002 | B6: HRDW requisition history table | C6: HRDW | E6: Change history for requisitions: owner changes, transfers, status changes. | F6: PDP | G6: PDP | I6: Daily | J6: Active | K6: Source tables | L6: Keep as is | M6: =IF(A6="","",IF(V6="",0,IF(W6="",1,IF(X6="",2,IF(Y6="",3,"4+"))))) -> 0 | N6: =IF(A6="","",A6&IF(V6="",""," <- "&V6&IF(W6="",""," <- "&W6&IF(X6="",""," <- "&X6&IF(Y6="",""," <- "&Y6))))&IF(ISNUMBER(FIND(",",D6))," (+ other parents)","")) -> T-002 | O6: =IF(A6="","",COUNTIF(Fields!$D:$D,A6)) -> 2 | P6: =IF(A6="","",SUMIF(Fields!$D:$D,A6,Fields!$O:$O)) -> 0 | Q6: Example. | S6: Human | T6: 2026-10-07 | V6: =IF(A6="","",IF(IFERROR(INDEX($D:$D,MATCH(A6,$A:$A,0)),"")="","",TRIM(IF(ISNUMBER(FIND(",",IFERROR(INDEX($D:$D,MATCH(A6,$A:$A,0)),""))),LEFT(IFERROR(INDEX($D:$D,MATCH(A6,$A:$A,0)),""),FIND(",",IFERROR(INDEX($D:$D,MATCH(A6,$A:$A,0)),""))-1),IFERROR(INDEX($D:$D,MATCH(A6,$A:$A,0)),""))))) | W6: =IF(V6="","",IF(IFERROR(INDEX($D:$D,MATCH(V6,$A:$A,0)),"")="","",TRIM(IF(ISNUMBER(FIND(",",IFERROR(INDEX($D:$D,MATCH(V6,$A:$A,0)),""))),LEFT(IFERROR(INDEX($D:$D,MATCH(V6,$A:$A,0)),""),FIND(",",IFERROR(INDEX($D:$D,MATCH(V6,$A:$A,0)),""))-1),IFERROR(INDEX($D:$D,MATCH(V6,$A:$A,0)),""))))) | X6: =IF(W6="","",IF(IFERROR(INDEX($D:$D,MATCH(W6,$A:$A,0)),"")="","",TRIM(IF(ISNUMBER(FIND(",",IFERROR(INDEX($D:$D,MATCH(W6,$A:$A,0)),""))),LEFT(IFERROR(INDEX($D:$D,MATCH(W6,$A:$A,0)),""),FIND(",",IFERROR(INDEX($D:$D,MATCH(W6,$A:$A,0)),""))-1),IFERROR(INDEX($D:$D,MATCH(W6,$A:$A,0)),""))))) | Y6: =IF(X6="","",IF(IFERROR(INDEX($D:$D,MATCH(X6,$A:$A,0)),"")="","",TRIM(IF(ISNUMBER(FIND(",",IFERROR(INDEX($D:$D,MATCH(X6,$A:$A,0)),""))),LEFT(IFERROR(INDEX($D:$D,MATCH(X6,$A:$A,0)),""),FIND(",",IFERROR(INDEX($D:$D,MATCH(X6,$A:$A,0)),""))-1),IFERROR(INDEX($D:$D,MATCH(X6,$A:$A,0)),""))))) | Z6: =IF(AND(A6<>"",L6="Retire"),COUNTIF($L$5:L6,"Retire"),"") | AA6: =IF(AND(A6<>"",L6="Build"),COUNTIF($L$5:L6,"Build"),"") | AB6: =IF(AND(A6<>"",OR(M6="4+",AND(ISNUMBER(M6),M6>=2))),SUMPRODUCT(($A$5:A6<>"")*(($M$5:M6="4+")+(ISNUMBER($M$5:M6)*($M$5:M6>=2)))),"") | AC6: =IF(AND(A6<>"",OR(L6="",L6="Undecided",K6="")),SUMPRODUCT(($A$5:A6<>"")*(($L$5:L6="")+($L$5:L6="Undecided")+($K$5:K6=""))>0*1),"")
A7: T-003 | B7: HRDW offer table | C7: HRDW | E7: Offers extended and their outcome. | F7: PDP | G7: PDP | I7: Daily | J7: Active | K7: Source tables | L7: Keep as is | M7: =IF(A7="","",IF(V7="",0,IF(W7="",1,IF(X7="",2,IF(Y7="",3,"4+"))))) -> 0 | N7: =IF(A7="","",A7&IF(V7="",""," <- "&V7&IF(W7="",""," <- "&W7&IF(X7="",""," <- "&X7&IF(Y7="",""," <- "&Y7))))&IF(ISNUMBER(FIND(",",D7))," (+ other parents)","")) -> T-003 | O7: =IF(A7="","",COUNTIF(Fields!$D:$D,A7)) -> 2 | P7: =IF(A7="","",SUMIF(Fields!$D:$D,A7,Fields!$O:$O)) -> 5 | Q7: Example. | S7: Human | T7: 2026-10-07 | V7: =IF(A7="","",IF(IFERROR(INDEX($D:$D,MATCH(A7,$A:$A,0)),"")="","",TRIM(IF(ISNUMBER(FIND(",",IFERROR(INDEX($D:$D,MATCH(A7,$A:$A,0)),""))),LEFT(IFERROR(INDEX($D:$D,MATCH(A7,$A:$A,0)),""),FIND(",",IFERROR(INDEX($D:$D,MATCH(A7,$A:$A,0)),""))-1),IFERROR(INDEX($D:$D,MATCH(A7,$A:$A,0)),""))))) | W7: =IF(V7="","",IF(IFERROR(INDEX($D:$D,MATCH(V7,$A:$A,0)),"")="","",TRIM(IF(ISNUMBER(FIND(",",IFERROR(INDEX($D:$D,MATCH(V7,$A:$A,0)),""))),LEFT(IFERROR(INDEX($D:$D,MATCH(V7,$A:$A,0)),""),FIND(",",IFERROR(INDEX($D:$D,MATCH(V7,$A:$A,0)),""))-1),IFERROR(INDEX($D:$D,MATCH(V7,$A:$A,0)),""))))) | X7: =IF(W7="","",IF(IFERROR(INDEX($D:$D,MATCH(W7,$A:$A,0)),"")="","",TRIM(IF(ISNUMBER(FIND(",",IFERROR(INDEX($D:$D,MATCH(W7,$A:$A,0)),""))),LEFT(IFERROR(INDEX($D:$D,MATCH(W7,$A:$A,0)),""),FIND(",",IFERROR(INDEX($D:$D,MATCH(W7,$A:$A,0)),""))-1),IFERROR(INDEX($D:$D,MATCH(W7,$A:$A,0)),""))))) | Y7: =IF(X7="","",IF(IFERROR(INDEX($D:$D,MATCH(X7,$A:$A,0)),"")="","",TRIM(IF(ISNUMBER(FIND(",",IFERROR(INDEX($D:$D,MATCH(X7,$A:$A,0)),""))),LEFT(IFERROR(INDEX($D:$D,MATCH(X7,$A:$A,0)),""),FIND(",",IFERROR(INDEX($D:$D,MATCH(X7,$A:$A,0)),""))-1),IFERROR(INDEX($D:$D,MATCH(X7,$A:$A,0)),""))))) | Z7: =IF(AND(A7<>"",L7="Retire"),COUNTIF($L$5:L7,"Retire"),"") | AA7: =IF(AND(A7<>"",L7="Build"),COUNTIF($L$5:L7,"Build"),"") | AB7: =IF(AND(A7<>"",OR(M7="4+",AND(ISNUMBER(M7),M7>=2))),SUMPRODUCT(($A$5:A7<>"")*(($M$5:M7="4+")+(ISNUMBER($M$5:M7)*($M$5:M7>=2)))),"") | AC7: =IF(AND(A7<>"",OR(L7="",L7="Undecided",K7="")),SUMPRODUCT(($A$5:A7<>"")*(($L$5:L7="")+($L$5:L7="Undecided")+($K$5:K7=""))>0*1),"")
A8: T-004 | B8: Requisition linkage table | C8: Team custom | D8: T-002 | E8: Maps a transferred requisition to its original so clocks keep running from the original approval. Nothing upstream provides this. | F8: Team Opportunity | G8: Team Opportunity | I8: Daily | J8: Active | K8: Business rules | L8: Keep as is | M8: =IF(A8="","",IF(V8="",0,IF(W8="",1,IF(X8="",2,IF(Y8="",3,"4+"))))) -> 1 | N8: =IF(A8="","",A8&IF(V8="",""," <- "&V8&IF(W8="",""," <- "&W8&IF(X8="",""," <- "&X8&IF(Y8="",""," <- "&Y8))))&IF(ISNUMBER(FIND(",",D8))," (+ other parents)","")) -> T-004 <- T-002 | O8: =IF(A8="","",COUNTIF(Fields!$D:$D,A8)) -> 1 | P8: =IF(A8="","",SUMIF(Fields!$D:$D,A8,Fields!$O:$O)) -> 2 | Q8: Example. A rule no source system knows. | R8: repo/sql/req_linkage.sql | S8: Found | T8: 2026-10-07 | V8: =IF(A8="","",IF(IFERROR(INDEX($D:$D,MATCH(A8,$A:$A,0)),"")="","",TRIM(IF(ISNUMBER(FIND(",",IFERROR(INDEX($D:$D,MATCH(A8,$A:$A,0)),""))),LEFT(IFERROR(INDEX($D:$D,MATCH(A8,$A:$A,0)),""),FIND(",",IFERROR(INDEX($D:$D,MATCH(A8,$A:$A,0)),""))-1),IFERROR(INDEX($D:$D,MATCH(A8,$A:$A,0)),""))))) -> T-002 | W8: =IF(V8="","",IF(IFERROR(INDEX($D:$D,MATCH(V8,$A:$A,0)),"")="","",TRIM(IF(ISNUMBER(FIND(",",IFERROR(INDEX($D:$D,MATCH(V8,$A:$A,0)),""))),LEFT(IFERROR(INDEX($D:$D,MATCH(V8,$A:$A,0)),""),FIND(",",IFERROR(INDEX($D:$D,MATCH(V8,$A:$A,0)),""))-1),IFERROR(INDEX($D:$D,MATCH(V8,$A:$A,0)),""))))) | X8: =IF(W8="","",IF(IFERROR(INDEX($D:$D,MATCH(W8,$A:$A,0)),"")="","",TRIM(IF(ISNUMBER(FIND(",",IFERROR(INDEX($D:$D,MATCH(W8,$A:$A,0)),""))),LEFT(IFERROR(INDEX($D:$D,MATCH(W8,$A:$A,0)),""),FIND(",",IFERROR(INDEX($D:$D,MATCH(W8,$A:$A,0)),""))-1),IFERROR(INDEX($D:$D,MATCH(W8,$A:$A,0)),""))))) | Y8: =IF(X8="","",IF(IFERROR(INDEX($D:$D,MATCH(X8,$A:$A,0)),"")="","",TRIM(IF(ISNUMBER(FIND(",",IFERROR(INDEX($D:$D,MATCH(X8,$A:$A,0)),""))),LEFT(IFERROR(INDEX($D:$D,MATCH(X8,$A:$A,0)),""),FIND(",",IFERROR(INDEX($D:$D,MATCH(X8,$A:$A,0)),""))-1),IFERROR(INDEX($D:$D,MATCH(X8,$A:$A,0)),""))))) | Z8: =IF(AND(A8<>"",L8="Retire"),COUNTIF($L$5:L8,"Retire"),"") | AA8: =IF(AND(A8<>"",L8="Build"),COUNTIF($L$5:L8,"Build"),"") | AB8: =IF(AND(A8<>"",OR(M8="4+",AND(ISNUMBER(M8),M8>=2))),SUMPRODUCT(($A$5:A8<>"")*(($M$5:M8="4+")+(ISNUMBER($M$5:M8)*($M$5:M8>=2)))),"") | AC8: =IF(AND(A8<>"",OR(L8="",L8="Undecided",K8="")),SUMPRODUCT(($A$5:A8<>"")*(($L$5:L8="")+($L$5:L8="Undecided")+($K$5:K8=""))>0*1),"")
A9: T-005 | B9: Recruiter scorecard base | C9: Team custom | D9: T-004, T-001, T-003 | E9: Built in 2023 for the recruiter view. Joins linkage, requisitions and offers and adds recruiter credit. | F9: Team Opportunity | G9: Team Opportunity | I9: Daily | J9: Active | K9: Business rules | L9: Merge into certified table | M9: =IF(A9="","",IF(V9="",0,IF(W9="",1,IF(X9="",2,IF(Y9="",3,"4+"))))) -> 2 | N9: =IF(A9="","",A9&IF(V9="",""," <- "&V9&IF(W9="",""," <- "&W9&IF(X9="",""," <- "&X9&IF(Y9="",""," <- "&Y9))))&IF(ISNUMBER(FIND(",",D9))," (+ other parents)","")) -> T-005 <- T-004 <- T-002 (+ other parents) | O9: =IF(A9="","",COUNTIF(Fields!$D:$D,A9)) -> 1 | P9: =IF(A9="","",SUMIF(Fields!$D:$D,A9,Fields!$O:$O)) -> 2 | Q9: Example. Depth 2: a layer on a layer. Candidate to fold into the certified table. | R9: repo/sql/recruiter_base.sql | S9: Found | T9: 2026-10-07 | V9: =IF(A9="","",IF(IFERROR(INDEX($D:$D,MATCH(A9,$A:$A,0)),"")="","",TRIM(IF(ISNUMBER(FIND(",",IFERROR(INDEX($D:$D,MATCH(A9,$A:$A,0)),""))),LEFT(IFERROR(INDEX($D:$D,MATCH(A9,$A:$A,0)),""),FIND(",",IFERROR(INDEX($D:$D,MATCH(A9,$A:$A,0)),""))-1),IFERROR(INDEX($D:$D,MATCH(A9,$A:$A,0)),""))))) -> T-004 | W9: =IF(V9="","",IF(IFERROR(INDEX($D:$D,MATCH(V9,$A:$A,0)),"")="","",TRIM(IF(ISNUMBER(FIND(",",IFERROR(INDEX($D:$D,MATCH(V9,$A:$A,0)),""))),LEFT(IFERROR(INDEX($D:$D,MATCH(V9,$A:$A,0)),""),FIND(",",IFERROR(INDEX($D:$D,MATCH(V9,$A:$A,0)),""))-1),IFERROR(INDEX($D:$D,MATCH(V9,$A:$A,0)),""))))) -> T-002 | X9: =IF(W9="","",IF(IFERROR(INDEX($D:$D,MATCH(W9,$A:$A,0)),"")="","",TRIM(IF(ISNUMBER(FIND(",",IFERROR(INDEX($D:$D,MATCH(W9,$A:$A,0)),""))),LEFT(IFERROR(INDEX($D:$D,MATCH(W9,$A:$A,0)),""),FIND(",",IFERROR(INDEX($D:$D,MATCH(W9,$A:$A,0)),""))-1),IFERROR(INDEX($D:$D,MATCH(W9,$A:$A,0)),""))))) | Y9: =IF(X9="","",IF(IFERROR(INDEX($D:$D,MATCH(X9,$A:$A,0)),"")="","",TRIM(IF(ISNUMBER(FIND(",",IFERROR(INDEX($D:$D,MATCH(X9,$A:$A,0)),""))),LEFT(IFERROR(INDEX($D:$D,MATCH(X9,$A:$A,0)),""),FIND(",",IFERROR(INDEX($D:$D,MATCH(X9,$A:$A,0)),""))-1),IFERROR(INDEX($D:$D,MATCH(X9,$A:$A,0)),""))))) | Z9: =IF(AND(A9<>"",L9="Retire"),COUNTIF($L$5:L9,"Retire"),"") | AA9: =IF(AND(A9<>"",L9="Build"),COUNTIF($L$5:L9,"Build"),"") | AB9: =IF(AND(A9<>"",OR(M9="4+",AND(ISNUMBER(M9),M9>=2))),SUMPRODUCT(($A$5:A9<>"")*(($M$5:M9="4+")+(ISNUMBER($M$5:M9)*($M$5:M9>=2)))),"") -> 1 | AC9: =IF(AND(A9<>"",OR(L9="",L9="Undecided",K9="")),SUMPRODUCT(($A$5:A9<>"")*(($L$5:L9="")+($L$5:L9="Undecided")+($K$5:K9=""))>0*1),"")
A10: T-006 | B10: Recruiter view extract | C10: Team custom | D10: T-005 | E10: Narrow copy of the recruiter base shaped for the Tableau extract. | F10: Team Opportunity | G10: Team Opportunity | I10: Daily | J10: Active | K10: Reporting | L10: Retire | M10: =IF(A10="","",IF(V10="",0,IF(W10="",1,IF(X10="",2,IF(Y10="",3,"4+"))))) -> 3 | N10: =IF(A10="","",A10&IF(V10="",""," <- "&V10&IF(W10="",""," <- "&W10&IF(X10="",""," <- "&X10&IF(Y10="",""," <- "&Y10))))&IF(ISNUMBER(FIND(",",D10))," (+ other parents)","")) -> T-006 <- T-005 <- T-004 <- T-002 | O10: =IF(A10="","",COUNTIF(Fields!$D:$D,A10)) -> 0 | P10: =IF(A10="","",SUMIF(Fields!$D:$D,A10,Fields!$O:$O)) -> 0 | Q10: Example. Depth 3. Exists only to feed one dashboard; goes away when the dashboard reads the certified table. | R10: repo/sql/recruiter_extract.sql | S10: Found | T10: 2026-10-07 | V10: =IF(A10="","",IF(IFERROR(INDEX($D:$D,MATCH(A10,$A:$A,0)),"")="","",TRIM(IF(ISNUMBER(FIND(",",IFERROR(INDEX($D:$D,MATCH(A10,$A:$A,0)),""))),LEFT(IFERROR(INDEX($D:$D,MATCH(A10,$A:$A,0)),""),FIND(",",IFERROR(INDEX($D:$D,MATCH(A10,$A:$A,0)),""))-1),IFERROR(INDEX($D:$D,MATCH(A10,$A:$A,0)),""))))) -> T-005 | W10: =IF(V10="","",IF(IFERROR(INDEX($D:$D,MATCH(V10,$A:$A,0)),"")="","",TRIM(IF(ISNUMBER(FIND(",",IFERROR(INDEX($D:$D,MATCH(V10,$A:$A,0)),""))),LEFT(IFERROR(INDEX($D:$D,MATCH(V10,$A:$A,0)),""),FIND(",",IFERROR(INDEX($D:$D,MATCH(V10,$A:$A,0)),""))-1),IFERROR(INDEX($D:$D,MATCH(V10,$A:$A,0)),""))))) -> T-004 | X10: =IF(W10="","",IF(IFERROR(INDEX($D:$D,MATCH(W10,$A:$A,0)),"")="","",TRIM(IF(ISNUMBER(FIND(",",IFERROR(INDEX($D:$D,MATCH(W10,$A:$A,0)),""))),LEFT(IFERROR(INDEX($D:$D,MATCH(W10,$A:$A,0)),""),FIND(",",IFERROR(INDEX($D:$D,MATCH(W10,$A:$A,0)),""))-1),IFERROR(INDEX($D:$D,MATCH(W10,$A:$A,0)),""))))) -> T-002 | Y10: =IF(X10="","",IF(IFERROR(INDEX($D:$D,MATCH(X10,$A:$A,0)),"")="","",TRIM(IF(ISNUMBER(FIND(",",IFERROR(INDEX($D:$D,MATCH(X10,$A:$A,0)),""))),LEFT(IFERROR(INDEX($D:$D,MATCH(X10,$A:$A,0)),""),FIND(",",IFERROR(INDEX($D:$D,MATCH(X10,$A:$A,0)),""))-1),IFERROR(INDEX($D:$D,MATCH(X10,$A:$A,0)),""))))) | Z10: =IF(AND(A10<>"",L10="Retire"),COUNTIF($L$5:L10,"Retire"),"") -> 1 | AA10: =IF(AND(A10<>"",L10="Build"),COUNTIF($L$5:L10,"Build"),"") | AB10: =IF(AND(A10<>"",OR(M10="4+",AND(ISNUMBER(M10),M10>=2))),SUMPRODUCT(($A$5:A10<>"")*(($M$5:M10="4+")+(ISNUMBER($M$5:M10)*($M$5:M10>=2)))),"") -> 2 | AC10: =IF(AND(A10<>"",OR(L10="",L10="Undecided",K10="")),SUMPRODUCT(($A$5:A10<>"")*(($L$5:L10="")+($L$5:L10="Undecided")+($K$5:K10=""))>0*1),"")
A11: T-007 | B11: Certified application table | C11: Team custom | D11: T-001, T-002, T-003, T-004 | E11: One row per application with agreed attribution and exclusion flags applied, so every product reads the same rules. | F11: Team Opportunity | G11: Team Opportunity | I11: Daily | J11: Proposed | K11: Certified tables | L11: Build | M11: =IF(A11="","",IF(V11="",0,IF(W11="",1,IF(X11="",2,IF(Y11="",3,"4+"))))) -> 1 | N11: =IF(A11="","",A11&IF(V11="",""," <- "&V11&IF(W11="",""," <- "&W11&IF(X11="",""," <- "&X11&IF(Y11="",""," <- "&Y11))))&IF(ISNUMBER(FIND(",",D11))," (+ other parents)","")) -> T-007 <- T-001 (+ other parents) | O11: =IF(A11="","",COUNTIF(Fields!$D:$D,A11)) -> 0 | P11: =IF(A11="","",SUMIF(Fields!$D:$D,A11,Fields!$O:$O)) -> 0 | Q11: Example. Proposed; appears because dispositions above call for it. | S11: Human | T11: 2026-10-07 | V11: =IF(A11="","",IF(IFERROR(INDEX($D:$D,MATCH(A11,$A:$A,0)),"")="","",TRIM(IF(ISNUMBER(FIND(",",IFERROR(INDEX($D:$D,MATCH(A11,$A:$A,0)),""))),LEFT(IFERROR(INDEX($D:$D,MATCH(A11,$A:$A,0)),""),FIND(",",IFERROR(INDEX($D:$D,MATCH(A11,$A:$A,0)),""))-1),IFERROR(INDEX($D:$D,MATCH(A11,$A:$A,0)),""))))) -> T-001 | W11: =IF(V11="","",IF(IFERROR(INDEX($D:$D,MATCH(V11,$A:$A,0)),"")="","",TRIM(IF(ISNUMBER(FIND(",",IFERROR(INDEX($D:$D,MATCH(V11,$A:$A,0)),""))),LEFT(IFERROR(INDEX($D:$D,MATCH(V11,$A:$A,0)),""),FIND(",",IFERROR(INDEX($D:$D,MATCH(V11,$A:$A,0)),""))-1),IFERROR(INDEX($D:$D,MATCH(V11,$A:$A,0)),""))))) | X11: =IF(W11="","",IF(IFERROR(INDEX($D:$D,MATCH(W11,$A:$A,0)),"")="","",TRIM(IF(ISNUMBER(FIND(",",IFERROR(INDEX($D:$D,MATCH(W11,$A:$A,0)),""))),LEFT(IFERROR(INDEX($D:$D,MATCH(W11,$A:$A,0)),""),FIND(",",IFERROR(INDEX($D:$D,MATCH(W11,$A:$A,0)),""))-1),IFERROR(INDEX($D:$D,MATCH(W11,$A:$A,0)),""))))) | Y11: =IF(X11="","",IF(IFERROR(INDEX($D:$D,MATCH(X11,$A:$A,0)),"")="","",TRIM(IF(ISNUMBER(FIND(",",IFERROR(INDEX($D:$D,MATCH(X11,$A:$A,0)),""))),LEFT(IFERROR(INDEX($D:$D,MATCH(X11,$A:$A,0)),""),FIND(",",IFERROR(INDEX($D:$D,MATCH(X11,$A:$A,0)),""))-1),IFERROR(INDEX($D:$D,MATCH(X11,$A:$A,0)),""))))) | Z11: =IF(AND(A11<>"",L11="Retire"),COUNTIF($L$5:L11,"Retire"),"") | AA11: =IF(AND(A11<>"",L11="Build"),COUNTIF($L$5:L11,"Build"),"") -> 1 | AB11: =IF(AND(A11<>"",OR(M11="4+",AND(ISNUMBER(M11),M11>=2))),SUMPRODUCT(($A$5:A11<>"")*(($M$5:M11="4+")+(ISNUMBER($M$5:M11)*($M$5:M11>=2)))),"") | AC11: =IF(AND(A11<>"",OR(L11="",L11="Undecided",K11="")),SUMPRODUCT(($A$5:A11<>"")*(($L$5:L11="")+($L$5:L11="Undecided")+($K$5:K11=""))>0*1),"")
M12: =IF(A12="","",IF(V12="",0,IF(W12="",1,IF(X12="",2,IF(Y12="",3,"4+"))))) | N12: =IF(A12="","",A12&IF(V12="",""," <- "&V12&IF(W12="",""," <- "&W12&IF(X12="",""," <- "&X12&IF(Y12="",""," <- "&Y12))))&IF(ISNUMBER(FIND(",",D12))," (+ other parents)","")) | O12: =IF(A12="","",COUNTIF(Fields!$D:$D,A12)) | P12: =IF(A12="","",SUMIF(Fields!$D:$D,A12,Fields!$O:$O)) | V12: =IF(A12="","",IF(IFERROR(INDEX($D:$D,MATCH(A12,$A:$A,0)),"")="","",TRIM(IF(ISNUMBER(FIND(",",IFERROR(INDEX($D:$D,MATCH(A12,$A:$A,0)),""))),LEFT(IFERROR(INDEX($D:$D,MATCH(A12,$A:$A,0)),""),FIND(",",IFERROR(INDEX($D:$D,MATCH(A12,$A:$A,0)),""))-1),IFERROR(INDEX($D:$D,MATCH(A12,$A:$A,0)),""))))) | W12: =IF(V12="","",IF(IFERROR(INDEX($D:$D,MATCH(V12,$A:$A,0)),"")="","",TRIM(IF(ISNUMBER(FIND(",",IFERROR(INDEX($D:$D,MATCH(V12,$A:$A,0)),""))),LEFT(IFERROR(INDEX($D:$D,MATCH(V12,$A:$A,0)),""),FIND(",",IFERROR(INDEX($D:$D,MATCH(V12,$A:$A,0)),""))-1),IFERROR(INDEX($D:$D,MATCH(V12,$A:$A,0)),""))))) | X12: =IF(W12="","",IF(IFERROR(INDEX($D:$D,MATCH(W12,$A:$A,0)),"")="","",TRIM(IF(ISNUMBER(FIND(",",IFERROR(INDEX($D:$D,MATCH(W12,$A:$A,0)),""))),LEFT(IFERROR(INDEX($D:$D,MATCH(W12,$A:$A,0)),""),FIND(",",IFERROR(INDEX($D:$D,MATCH(W12,$A:$A,0)),""))-1),IFERROR(INDEX($D:$D,MATCH(W12,$A:$A,0)),""))))) | Y12: =IF(X12="","",IF(IFERROR(INDEX($D:$D,MATCH(X12,$A:$A,0)),"")="","",TRIM(IF(ISNUMBER(FIND(",",IFERROR(INDEX($D:$D,MATCH(X12,$A:$A,0)),""))),LEFT(IFERROR(INDEX($D:$D,MATCH(X12,$A:$A,0)),""),FIND(",",IFERROR(INDEX($D:$D,MATCH(X12,$A:$A,0)),""))-1),IFERROR(INDEX($D:$D,MATCH(X12,$A:$A,0)),""))))) | Z12: =IF(AND(A12<>"",L12="Retire"),COUNTIF($L$5:L12,"Retire"),"") | AA12: =IF(AND(A12<>"",L12="Build"),COUNTIF($L$5:L12,"Build"),"") | AB12: =IF(AND(A12<>"",OR(M12="4+",AND(ISNUMBER(M12),M12>=2))),SUMPRODUCT(($A$5:A12<>"")*(($M$5:M12="4+")+(ISNUMBER($M$5:M12)*($M$5:M12>=2)))),"") | AC12: =IF(AND(A12<>"",OR(L12="",L12="Undecided",K12="")),SUMPRODUCT(($A$5:A12<>"")*(($L$5:L12="")+($L$5:L12="Undecided")+($K$5:K12=""))>0*1),"")
M13: =IF(A13="","",IF(V13="",0,IF(W13="",1,IF(X13="",2,IF(Y13="",3,"4+"))))) | N13: =IF(A13="","",A13&IF(V13="",""," <- "&V13&IF(W13="",""," <- "&W13&IF(X13="",""," <- "&X13&IF(Y13="",""," <- "&Y13))))&IF(ISNUMBER(FIND(",",D13))," (+ other parents)","")) | O13: =IF(A13="","",COUNTIF(Fields!$D:$D,A13)) | P13: =IF(A13="","",SUMIF(Fields!$D:$D,A13,Fields!$O:$O)) | V13: =IF(A13="","",IF(IFERROR(INDEX($D:$D,MATCH(A13,$A:$A,0)),"")="","",TRIM(IF(ISNUMBER(FIND(",",IFERROR(INDEX($D:$D,MATCH(A13,$A:$A,0)),""))),LEFT(IFERROR(INDEX($D:$D,MATCH(A13,$A:$A,0)),""),FIND(",",IFERROR(INDEX($D:$D,MATCH(A13,$A:$A,0)),""))-1),IFERROR(INDEX($D:$D,MATCH(A13,$A:$A,0)),""))))) | W13: =IF(V13="","",IF(IFERROR(INDEX($D:$D,MATCH(V13,$A:$A,0)),"")="","",TRIM(IF(ISNUMBER(FIND(",",IFERROR(INDEX($D:$D,MATCH(V13,$A:$A,0)),""))),LEFT(IFERROR(INDEX($D:$D,MATCH(V13,$A:$A,0)),""),FIND(",",IFERROR(INDEX($D:$D,MATCH(V13,$A:$A,0)),""))-1),IFERROR(INDEX($D:$D,MATCH(V13,$A:$A,0)),""))))) | X13: =IF(W13="","",IF(IFERROR(INDEX($D:$D,MATCH(W13,$A:$A,0)),"")="","",TRIM(IF(ISNUMBER(FIND(",",IFERROR(INDEX($D:$D,MATCH(W13,$A:$A,0)),""))),LEFT(IFERROR(INDEX($D:$D,MATCH(W13,$A:$A,0)),""),FIND(",",IFERROR(INDEX($D:$D,MATCH(W13,$A:$A,0)),""))-1),IFERROR(INDEX($D:$D,MATCH(W13,$A:$A,0)),""))))) | Y13: =IF(X13="","",IF(IFERROR(INDEX($D:$D,MATCH(X13,$A:$A,0)),"")="","",TRIM(IF(ISNUMBER(FIND(",",IFERROR(INDEX($D:$D,MATCH(X13,$A:$A,0)),""))),LEFT(IFERROR(INDEX($D:$D,MATCH(X13,$A:$A,0)),""),FIND(",",IFERROR(INDEX($D:$D,MATCH(X13,$A:$A,0)),""))-1),IFERROR(INDEX($D:$D,MATCH(X13,$A:$A,0)),""))))) | Z13: =IF(AND(A13<>"",L13="Retire"),COUNTIF($L$5:L13,"Retire"),"") | AA13: =IF(AND(A13<>"",L13="Build"),COUNTIF($L$5:L13,"Build"),"") | AB13: =IF(AND(A13<>"",OR(M13="4+",AND(ISNUMBER(M13),M13>=2))),SUMPRODUCT(($A$5:A13<>"")*(($M$5:M13="4+")+(ISNUMBER($M$5:M13)*($M$5:M13>=2)))),"") | AC13: =IF(AND(A13<>"",OR(L13="",L13="Undecided",K13="")),SUMPRODUCT(($A$5:A13<>"")*(($L$5:L13="")+($L$5:L13="Undecided")+($K$5:K13=""))>0*1),"")
M14: =IF(A14="","",IF(V14="",0,IF(W14="",1,IF(X14="",2,IF(Y14="",3,"4+"))))) | N14: =IF(A14="","",A14&IF(V14="",""," <- "&V14&IF(W14="",""," <- "&W14&IF(X14="",""," <- "&X14&IF(Y14="",""," <- "&Y14))))&IF(ISNUMBER(FIND(",",D14))," (+ other parents)","")) | O14: =IF(A14="","",COUNTIF(Fields!$D:$D,A14)) | P14: =IF(A14="","",SUMIF(Fields!$D:$D,A14,Fields!$O:$O)) | V14: =IF(A14="","",IF(IFERROR(INDEX($D:$D,MATCH(A14,$A:$A,0)),"")="","",TRIM(IF(ISNUMBER(FIND(",",IFERROR(INDEX($D:$D,MATCH(A14,$A:$A,0)),""))),LEFT(IFERROR(INDEX($D:$D,MATCH(A14,$A:$A,0)),""),FIND(",",IFERROR(INDEX($D:$D,MATCH(A14,$A:$A,0)),""))-1),IFERROR(INDEX($D:$D,MATCH(A14,$A:$A,0)),""))))) | W14: =IF(V14="","",IF(IFERROR(INDEX($D:$D,MATCH(V14,$A:$A,0)),"")="","",TRIM(IF(ISNUMBER(FIND(",",IFERROR(INDEX($D:$D,MATCH(V14,$A:$A,0)),""))),LEFT(IFERROR(INDEX($D:$D,MATCH(V14,$A:$A,0)),""),FIND(",",IFERROR(INDEX($D:$D,MATCH(V14,$A:$A,0)),""))-1),IFERROR(INDEX($D:$D,MATCH(V14,$A:$A,0)),""))))) | X14: =IF(W14="","",IF(IFERROR(INDEX($D:$D,MATCH(W14,$A:$A,0)),"")="","",TRIM(IF(ISNUMBER(FIND(",",IFERROR(INDEX($D:$D,MATCH(W14,$A:$A,0)),""))),LEFT(IFERROR(INDEX($D:$D,MATCH(W14,$A:$A,0)),""),FIND(",",IFERROR(INDEX($D:$D,MATCH(W14,$A:$A,0)),""))-1),IFERROR(INDEX($D:$D,MATCH(W14,$A:$A,0)),""))))) | Y14: =IF(X14="","",IF(IFERROR(INDEX($D:$D,MATCH(X14,$A:$A,0)),"")="","",TRIM(IF(ISNUMBER(FIND(",",IFERROR(INDEX($D:$D,MATCH(X14,$A:$A,0)),""))),LEFT(IFERROR(INDEX($D:$D,MATCH(X14,$A:$A,0)),""),FIND(",",IFERROR(INDEX($D:$D,MATCH(X14,$A:$A,0)),""))-1),IFERROR(INDEX($D:$D,MATCH(X14,$A:$A,0)),""))))) | Z14: =IF(AND(A14<>"",L14="Retire"),COUNTIF($L$5:L14,"Retire"),"") | AA14: =IF(AND(A14<>"",L14="Build"),COUNTIF($L$5:L14,"Build"),"") | AB14: =IF(AND(A14<>"",OR(M14="4+",AND(ISNUMBER(M14),M14>=2))),SUMPRODUCT(($A$5:A14<>"")*(($M$5:M14="4+")+(ISNUMBER($M$5:M14)*($M$5:M14>=2)))),"") | AC14: =IF(AND(A14<>"",OR(L14="",L14="Undecided",K14="")),SUMPRODUCT(($A$5:A14<>"")*(($L$5:L14="")+($L$5:L14="Undecided")+($K$5:K14=""))>0*1),"")
M15: =IF(A15="","",IF(V15="",0,IF(W15="",1,IF(X15="",2,IF(Y15="",3,"4+"))))) | N15: =IF(A15="","",A15&IF(V15="",""," <- "&V15&IF(W15="",""," <- "&W15&IF(X15="",""," <- "&X15&IF(Y15="",""," <- "&Y15))))&IF(ISNUMBER(FIND(",",D15))," (+ other parents)","")) | O15: =IF(A15="","",COUNTIF(Fields!$D:$D,A15)) | P15: =IF(A15="","",SUMIF(Fields!$D:$D,A15,Fields!$O:$O)) | V15: =IF(A15="","",IF(IFERROR(INDEX($D:$D,MATCH(A15,$A:$A,0)),"")="","",TRIM(IF(ISNUMBER(FIND(",",IFERROR(INDEX($D:$D,MATCH(A15,$A:$A,0)),""))),LEFT(IFERROR(INDEX($D:$D,MATCH(A15,$A:$A,0)),""),FIND(",",IFERROR(INDEX($D:$D,MATCH(A15,$A:$A,0)),""))-1),IFERROR(INDEX($D:$D,MATCH(A15,$A:$A,0)),""))))) | W15: =IF(V15="","",IF(IFERROR(INDEX($D:$D,MATCH(V15,$A:$A,0)),"")="","",TRIM(IF(ISNUMBER(FIND(",",IFERROR(INDEX($D:$D,MATCH(V15,$A:$A,0)),""))),LEFT(IFERROR(INDEX($D:$D,MATCH(V15,$A:$A,0)),""),FIND(",",IFERROR(INDEX($D:$D,MATCH(V15,$A:$A,0)),""))-1),IFERROR(INDEX($D:$D,MATCH(V15,$A:$A,0)),""))))) | X15: =IF(W15="","",IF(IFERROR(INDEX($D:$D,MATCH(W15,$A:$A,0)),"")="","",TRIM(IF(ISNUMBER(FIND(",",IFERROR(INDEX($D:$D,MATCH(W15,$A:$A,0)),""))),LEFT(IFERROR(INDEX($D:$D,MATCH(W15,$A:$A,0)),""),FIND(",",IFERROR(INDEX($D:$D,MATCH(W15,$A:$A,0)),""))-1),IFERROR(INDEX($D:$D,MATCH(W15,$A:$A,0)),""))))) | Y15: =IF(X15="","",IF(IFERROR(INDEX($D:$D,MATCH(X15,$A:$A,0)),"")="","",TRIM(IF(ISNUMBER(FIND(",",IFERROR(INDEX($D:$D,MATCH(X15,$A:$A,0)),""))),LEFT(IFERROR(INDEX($D:$D,MATCH(X15,$A:$A,0)),""),FIND(",",IFERROR(INDEX($D:$D,MATCH(X15,$A:$A,0)),""))-1),IFERROR(INDEX($D:$D,MATCH(X15,$A:$A,0)),""))))) | Z15: =IF(AND(A15<>"",L15="Retire"),COUNTIF($L$5:L15,"Retire"),"") | AA15: =IF(AND(A15<>"",L15="Build"),COUNTIF($L$5:L15,"Build"),"") | AB15: =IF(AND(A15<>"",OR(M15="4+",AND(ISNUMBER(M15),M15>=2))),SUMPRODUCT(($A$5:A15<>"")*(($M$5:M15="4+")+(ISNUMBER($M$5:M15)*($M$5:M15>=2)))),"") | AC15: =IF(AND(A15<>"",OR(L15="",L15="Undecided",K15="")),SUMPRODUCT(($A$5:A15<>"")*(($L$5:L15="")+($L$5:L15="Undecided")+($K$5:K15=""))>0*1),"")
M16: =IF(A16="","",IF(V16="",0,IF(W16="",1,IF(X16="",2,IF(Y16="",3,"4+"))))) | N16: =IF(A16="","",A16&IF(V16="",""," <- "&V16&IF(W16="",""," <- "&W16&IF(X16="",""," <- "&X16&IF(Y16="",""," <- "&Y16))))&IF(ISNUMBER(FIND(",",D16))," (+ other parents)","")) | O16: =IF(A16="","",COUNTIF(Fields!$D:$D,A16)) | P16: =IF(A16="","",SUMIF(Fields!$D:$D,A16,Fields!$O:$O)) | V16: =IF(A16="","",IF(IFERROR(INDEX($D:$D,MATCH(A16,$A:$A,0)),"")="","",TRIM(IF(ISNUMBER(FIND(",",IFERROR(INDEX($D:$D,MATCH(A16,$A:$A,0)),""))),LEFT(IFERROR(INDEX($D:$D,MATCH(A16,$A:$A,0)),""),FIND(",",IFERROR(INDEX($D:$D,MATCH(A16,$A:$A,0)),""))-1),IFERROR(INDEX($D:$D,MATCH(A16,$A:$A,0)),""))))) | W16: =IF(V16="","",IF(IFERROR(INDEX($D:$D,MATCH(V16,$A:$A,0)),"")="","",TRIM(IF(ISNUMBER(FIND(",",IFERROR(INDEX($D:$D,MATCH(V16,$A:$A,0)),""))),LEFT(IFERROR(INDEX($D:$D,MATCH(V16,$A:$A,0)),""),FIND(",",IFERROR(INDEX($D:$D,MATCH(V16,$A:$A,0)),""))-1),IFERROR(INDEX($D:$D,MATCH(V16,$A:$A,0)),""))))) | X16: =IF(W16="","",IF(IFERROR(INDEX($D:$D,MATCH(W16,$A:$A,0)),"")="","",TRIM(IF(ISNUMBER(FIND(",",IFERROR(INDEX($D:$D,MATCH(W16,$A:$A,0)),""))),LEFT(IFERROR(INDEX($D:$D,MATCH(W16,$A:$A,0)),""),FIND(",",IFERROR(INDEX($D:$D,MATCH(W16,$A:$A,0)),""))-1),IFERROR(INDEX($D:$D,MATCH(W16,$A:$A,0)),""))))) | Y16: =IF(X16="","",IF(IFERROR(INDEX($D:$D,MATCH(X16,$A:$A,0)),"")="","",TRIM(IF(ISNUMBER(FIND(",",IFERROR(INDEX($D:$D,MATCH(X16,$A:$A,0)),""))),LEFT(IFERROR(INDEX($D:$D,MATCH(X16,$A:$A,0)),""),FIND(",",IFERROR(INDEX($D:$D,MATCH(X16,$A:$A,0)),""))-1),IFERROR(INDEX($D:$D,MATCH(X16,$A:$A,0)),""))))) | Z16: =IF(AND(A16<>"",L16="Retire"),COUNTIF($L$5:L16,"Retire"),"") | AA16: =IF(AND(A16<>"",L16="Build"),COUNTIF($L$5:L16,"Build"),"") | AB16: =IF(AND(A16<>"",OR(M16="4+",AND(ISNUMBER(M16),M16>=2))),SUMPRODUCT(($A$5:A16<>"")*(($M$5:M16="4+")+(ISNUMBER($M$5:M16)*($M$5:M16>=2)))),"") | AC16: =IF(AND(A16<>"",OR(L16="",L16="Undecided",K16="")),SUMPRODUCT(($A$5:A16<>"")*(($L$5:L16="")+($L$5:L16="Undecided")+($K$5:K16=""))>0*1),"")
M17: =IF(A17="","",IF(V17="",0,IF(W17="",1,IF(X17="",2,IF(Y17="",3,"4+"))))) | N17: =IF(A17="","",A17&IF(V17="",""," <- "&V17&IF(W17="",""," <- "&W17&IF(X17="",""," <- "&X17&IF(Y17="",""," <- "&Y17))))&IF(ISNUMBER(FIND(",",D17))," (+ other parents)","")) | O17: =IF(A17="","",COUNTIF(Fields!$D:$D,A17)) | P17: =IF(A17="","",SUMIF(Fields!$D:$D,A17,Fields!$O:$O)) | V17: =IF(A17="","",IF(IFERROR(INDEX($D:$D,MATCH(A17,$A:$A,0)),"")="","",TRIM(IF(ISNUMBER(FIND(",",IFERROR(INDEX($D:$D,MATCH(A17,$A:$A,0)),""))),LEFT(IFERROR(INDEX($D:$D,MATCH(A17,$A:$A,0)),""),FIND(",",IFERROR(INDEX($D:$D,MATCH(A17,$A:$A,0)),""))-1),IFERROR(INDEX($D:$D,MATCH(A17,$A:$A,0)),""))))) | W17: =IF(V17="","",IF(IFERROR(INDEX($D:$D,MATCH(V17,$A:$A,0)),"")="","",TRIM(IF(ISNUMBER(FIND(",",IFERROR(INDEX($D:$D,MATCH(V17,$A:$A,0)),""))),LEFT(IFERROR(INDEX($D:$D,MATCH(V17,$A:$A,0)),""),FIND(",",IFERROR(INDEX($D:$D,MATCH(V17,$A:$A,0)),""))-1),IFERROR(INDEX($D:$D,MATCH(V17,$A:$A,0)),""))))) | X17: =IF(W17="","",IF(IFERROR(INDEX($D:$D,MATCH(W17,$A:$A,0)),"")="","",TRIM(IF(ISNUMBER(FIND(",",IFERROR(INDEX($D:$D,MATCH(W17,$A:$A,0)),""))),LEFT(IFERROR(INDEX($D:$D,MATCH(W17,$A:$A,0)),""),FIND(",",IFERROR(INDEX($D:$D,MATCH(W17,$A:$A,0)),""))-1),IFERROR(INDEX($D:$D,MATCH(W17,$A:$A,0)),""))))) | Y17: =IF(X17="","",IF(IFERROR(INDEX($D:$D,MATCH(X17,$A:$A,0)),"")="","",TRIM(IF(ISNUMBER(FIND(",",IFERROR(INDEX($D:$D,MATCH(X17,$A:$A,0)),""))),LEFT(IFERROR(INDEX($D:$D,MATCH(X17,$A:$A,0)),""),FIND(",",IFERROR(INDEX($D:$D,MATCH(X17,$A:$A,0)),""))-1),IFERROR(INDEX($D:$D,MATCH(X17,$A:$A,0)),""))))) | Z17: =IF(AND(A17<>"",L17="Retire"),COUNTIF($L$5:L17,"Retire"),"") | AA17: =IF(AND(A17<>"",L17="Build"),COUNTIF($L$5:L17,"Build"),"") | AB17: =IF(AND(A17<>"",OR(M17="4+",AND(ISNUMBER(M17),M17>=2))),SUMPRODUCT(($A$5:A17<>"")*(($M$5:M17="4+")+(ISNUMBER($M$5:M17)*($M$5:M17>=2)))),"") | AC17: =IF(AND(A17<>"",OR(L17="",L17="Undecided",K17="")),SUMPRODUCT(($A$5:A17<>"")*(($L$5:L17="")+($L$5:L17="Undecided")+($K$5:K17=""))>0*1),"")
M18: =IF(A18="","",IF(V18="",0,IF(W18="",1,IF(X18="",2,IF(Y18="",3,"4+"))))) | N18: =IF(A18="","",A18&IF(V18="",""," <- "&V18&IF(W18="",""," <- "&W18&IF(X18="",""," <- "&X18&IF(Y18="",""," <- "&Y18))))&IF(ISNUMBER(FIND(",",D18))," (+ other parents)","")) | O18: =IF(A18="","",COUNTIF(Fields!$D:$D,A18)) | P18: =IF(A18="","",SUMIF(Fields!$D:$D,A18,Fields!$O:$O)) | V18: =IF(A18="","",IF(IFERROR(INDEX($D:$D,MATCH(A18,$A:$A,0)),"")="","",TRIM(IF(ISNUMBER(FIND(",",IFERROR(INDEX($D:$D,MATCH(A18,$A:$A,0)),""))),LEFT(IFERROR(INDEX($D:$D,MATCH(A18,$A:$A,0)),""),FIND(",",IFERROR(INDEX($D:$D,MATCH(A18,$A:$A,0)),""))-1),IFERROR(INDEX($D:$D,MATCH(A18,$A:$A,0)),""))))) | W18: =IF(V18="","",IF(IFERROR(INDEX($D:$D,MATCH(V18,$A:$A,0)),"")="","",TRIM(IF(ISNUMBER(FIND(",",IFERROR(INDEX($D:$D,MATCH(V18,$A:$A,0)),""))),LEFT(IFERROR(INDEX($D:$D,MATCH(V18,$A:$A,0)),""),FIND(",",IFERROR(INDEX($D:$D,MATCH(V18,$A:$A,0)),""))-1),IFERROR(INDEX($D:$D,MATCH(V18,$A:$A,0)),""))))) | X18: =IF(W18="","",IF(IFERROR(INDEX($D:$D,MATCH(W18,$A:$A,0)),"")="","",TRIM(IF(ISNUMBER(FIND(",",IFERROR(INDEX($D:$D,MATCH(W18,$A:$A,0)),""))),LEFT(IFERROR(INDEX($D:$D,MATCH(W18,$A:$A,0)),""),FIND(",",IFERROR(INDEX($D:$D,MATCH(W18,$A:$A,0)),""))-1),IFERROR(INDEX($D:$D,MATCH(W18,$A:$A,0)),""))))) | Y18: =IF(X18="","",IF(IFERROR(INDEX($D:$D,MATCH(X18,$A:$A,0)),"")="","",TRIM(IF(ISNUMBER(FIND(",",IFERROR(INDEX($D:$D,MATCH(X18,$A:$A,0)),""))),LEFT(IFERROR(INDEX($D:$D,MATCH(X18,$A:$A,0)),""),FIND(",",IFERROR(INDEX($D:$D,MATCH(X18,$A:$A,0)),""))-1),IFERROR(INDEX($D:$D,MATCH(X18,$A:$A,0)),""))))) | Z18: =IF(AND(A18<>"",L18="Retire"),COUNTIF($L$5:L18,"Retire"),"") | AA18: =IF(AND(A18<>"",L18="Build"),COUNTIF($L$5:L18,"Build"),"") | AB18: =IF(AND(A18<>"",OR(M18="4+",AND(ISNUMBER(M18),M18>=2))),SUMPRODUCT(($A$5:A18<>"")*(($M$5:M18="4+")+(ISNUMBER($M$5:M18)*($M$5:M18>=2)))),"") | AC18: =IF(AND(A18<>"",OR(L18="",L18="Undecided",K18="")),SUMPRODUCT(($A$5:A18<>"")*(($L$5:L18="")+($L$5:L18="Undecided")+($K$5:K18=""))>0*1),"")
M19: =IF(A19="","",IF(V19="",0,IF(W19="",1,IF(X19="",2,IF(Y19="",3,"4+"))))) | N19: =IF(A19="","",A19&IF(V19="",""," <- "&V19&IF(W19="",""," <- "&W19&IF(X19="",""," <- "&X19&IF(Y19="",""," <- "&Y19))))&IF(ISNUMBER(FIND(",",D19))," (+ other parents)","")) | O19: =IF(A19="","",COUNTIF(Fields!$D:$D,A19)) | P19: =IF(A19="","",SUMIF(Fields!$D:$D,A19,Fields!$O:$O)) | V19: =IF(A19="","",IF(IFERROR(INDEX($D:$D,MATCH(A19,$A:$A,0)),"")="","",TRIM(IF(ISNUMBER(FIND(",",IFERROR(INDEX($D:$D,MATCH(A19,$A:$A,0)),""))),LEFT(IFERROR(INDEX($D:$D,MATCH(A19,$A:$A,0)),""),FIND(",",IFERROR(INDEX($D:$D,MATCH(A19,$A:$A,0)),""))-1),IFERROR(INDEX($D:$D,MATCH(A19,$A:$A,0)),""))))) | W19: =IF(V19="","",IF(IFERROR(INDEX($D:$D,MATCH(V19,$A:$A,0)),"")="","",TRIM(IF(ISNUMBER(FIND(",",IFERROR(INDEX($D:$D,MATCH(V19,$A:$A,0)),""))),LEFT(IFERROR(INDEX($D:$D,MATCH(V19,$A:$A,0)),""),FIND(",",IFERROR(INDEX($D:$D,MATCH(V19,$A:$A,0)),""))-1),IFERROR(INDEX($D:$D,MATCH(V19,$A:$A,0)),""))))) | X19: =IF(W19="","",IF(IFERROR(INDEX($D:$D,MATCH(W19,$A:$A,0)),"")="","",TRIM(IF(ISNUMBER(FIND(",",IFERROR(INDEX($D:$D,MATCH(W19,$A:$A,0)),""))),LEFT(IFERROR(INDEX($D:$D,MATCH(W19,$A:$A,0)),""),FIND(",",IFERROR(INDEX($D:$D,MATCH(W19,$A:$A,0)),""))-1),IFERROR(INDEX($D:$D,MATCH(W19,$A:$A,0)),""))))) | Y19: =IF(X19="","",IF(IFERROR(INDEX($D:$D,MATCH(X19,$A:$A,0)),"")="","",TRIM(IF(ISNUMBER(FIND(",",IFERROR(INDEX($D:$D,MATCH(X19,$A:$A,0)),""))),LEFT(IFERROR(INDEX($D:$D,MATCH(X19,$A:$A,0)),""),FIND(",",IFERROR(INDEX($D:$D,MATCH(X19,$A:$A,0)),""))-1),IFERROR(INDEX($D:$D,MATCH(X19,$A:$A,0)),""))))) | Z19: =IF(AND(A19<>"",L19="Retire"),COUNTIF($L$5:L19,"Retire"),"") | AA19: =IF(AND(A19<>"",L19="Build"),COUNTIF($L$5:L19,"Build"),"") | AB19: =IF(AND(A19<>"",OR(M19="4+",AND(ISNUMBER(M19),M19>=2))),SUMPRODUCT(($A$5:A19<>"")*(($M$5:M19="4+")+(ISNUMBER($M$5:M19)*($M$5:M19>=2)))),"") | AC19: =IF(AND(A19<>"",OR(L19="",L19="Undecided",K19="")),SUMPRODUCT(($A$5:A19<>"")*(($L$5:L19="")+($L$5:L19="Undecided")+($K$5:K19=""))>0*1),"")
M20: =IF(A20="","",IF(V20="",0,IF(W20="",1,IF(X20="",2,IF(Y20="",3,"4+"))))) | N20: =IF(A20="","",A20&IF(V20="",""," <- "&V20&IF(W20="",""," <- "&W20&IF(X20="",""," <- "&X20&IF(Y20="",""," <- "&Y20))))&IF(ISNUMBER(FIND(",",D20))," (+ other parents)","")) | O20: =IF(A20="","",COUNTIF(Fields!$D:$D,A20)) | P20: =IF(A20="","",SUMIF(Fields!$D:$D,A20,Fields!$O:$O)) | V20: =IF(A20="","",IF(IFERROR(INDEX($D:$D,MATCH(A20,$A:$A,0)),"")="","",TRIM(IF(ISNUMBER(FIND(",",IFERROR(INDEX($D:$D,MATCH(A20,$A:$A,0)),""))),LEFT(IFERROR(INDEX($D:$D,MATCH(A20,$A:$A,0)),""),FIND(",",IFERROR(INDEX($D:$D,MATCH(A20,$A:$A,0)),""))-1),IFERROR(INDEX($D:$D,MATCH(A20,$A:$A,0)),""))))) | W20: =IF(V20="","",IF(IFERROR(INDEX($D:$D,MATCH(V20,$A:$A,0)),"")="","",TRIM(IF(ISNUMBER(FIND(",",IFERROR(INDEX($D:$D,MATCH(V20,$A:$A,0)),""))),LEFT(IFERROR(INDEX($D:$D,MATCH(V20,$A:$A,0)),""),FIND(",",IFERROR(INDEX($D:$D,MATCH(V20,$A:$A,0)),""))-1),IFERROR(INDEX($D:$D,MATCH(V20,$A:$A,0)),""))))) | X20: =IF(W20="","",IF(IFERROR(INDEX($D:$D,MATCH(W20,$A:$A,0)),"")="","",TRIM(IF(ISNUMBER(FIND(",",IFERROR(INDEX($D:$D,MATCH(W20,$A:$A,0)),""))),LEFT(IFERROR(INDEX($D:$D,MATCH(W20,$A:$A,0)),""),FIND(",",IFERROR(INDEX($D:$D,MATCH(W20,$A:$A,0)),""))-1),IFERROR(INDEX($D:$D,MATCH(W20,$A:$A,0)),""))))) | Y20: =IF(X20="","",IF(IFERROR(INDEX($D:$D,MATCH(X20,$A:$A,0)),"")="","",TRIM(IF(ISNUMBER(FIND(",",IFERROR(INDEX($D:$D,MATCH(X20,$A:$A,0)),""))),LEFT(IFERROR(INDEX($D:$D,MATCH(X20,$A:$A,0)),""),FIND(",",IFERROR(INDEX($D:$D,MATCH(X20,$A:$A,0)),""))-1),IFERROR(INDEX($D:$D,MATCH(X20,$A:$A,0)),""))))) | Z20: =IF(AND(A20<>"",L20="Retire"),COUNTIF($L$5:L20,"Retire"),"") | AA20: =IF(AND(A20<>"",L20="Build"),COUNTIF($L$5:L20,"Build"),"") | AB20: =IF(AND(A20<>"",OR(M20="4+",AND(ISNUMBER(M20),M20>=2))),SUMPRODUCT(($A$5:A20<>"")*(($M$5:M20="4+")+(ISNUMBER($M$5:M20)*($M$5:M20>=2)))),"") | AC20: =IF(AND(A20<>"",OR(L20="",L20="Undecided",K20="")),SUMPRODUCT(($A$5:A20<>"")*(($L$5:L20="")+($L$5:L20="Undecided")+($K$5:K20=""))>0*1),"")
M21: =IF(A21="","",IF(V21="",0,IF(W21="",1,IF(X21="",2,IF(Y21="",3,"4+"))))) | N21: =IF(A21="","",A21&IF(V21="",""," <- "&V21&IF(W21="",""," <- "&W21&IF(X21="",""," <- "&X21&IF(Y21="",""," <- "&Y21))))&IF(ISNUMBER(FIND(",",D21))," (+ other parents)","")) | O21: =IF(A21="","",COUNTIF(Fields!$D:$D,A21)) | P21: =IF(A21="","",SUMIF(Fields!$D:$D,A21,Fields!$O:$O)) | V21: =IF(A21="","",IF(IFERROR(INDEX($D:$D,MATCH(A21,$A:$A,0)),"")="","",TRIM(IF(ISNUMBER(FIND(",",IFERROR(INDEX($D:$D,MATCH(A21,$A:$A,0)),""))),LEFT(IFERROR(INDEX($D:$D,MATCH(A21,$A:$A,0)),""),FIND(",",IFERROR(INDEX($D:$D,MATCH(A21,$A:$A,0)),""))-1),IFERROR(INDEX($D:$D,MATCH(A21,$A:$A,0)),""))))) | W21: =IF(V21="","",IF(IFERROR(INDEX($D:$D,MATCH(V21,$A:$A,0)),"")="","",TRIM(IF(ISNUMBER(FIND(",",IFERROR(INDEX($D:$D,MATCH(V21,$A:$A,0)),""))),LEFT(IFERROR(INDEX($D:$D,MATCH(V21,$A:$A,0)),""),FIND(",",IFERROR(INDEX($D:$D,MATCH(V21,$A:$A,0)),""))-1),IFERROR(INDEX($D:$D,MATCH(V21,$A:$A,0)),""))))) | X21: =IF(W21="","",IF(IFERROR(INDEX($D:$D,MATCH(W21,$A:$A,0)),"")="","",TRIM(IF(ISNUMBER(FIND(",",IFERROR(INDEX($D:$D,MATCH(W21,$A:$A,0)),""))),LEFT(IFERROR(INDEX($D:$D,MATCH(W21,$A:$A,0)),""),FIND(",",IFERROR(INDEX($D:$D,MATCH(W21,$A:$A,0)),""))-1),IFERROR(INDEX($D:$D,MATCH(W21,$A:$A,0)),""))))) | Y21: =IF(X21="","",IF(IFERROR(INDEX($D:$D,MATCH(X21,$A:$A,0)),"")="","",TRIM(IF(ISNUMBER(FIND(",",IFERROR(INDEX($D:$D,MATCH(X21,$A:$A,0)),""))),LEFT(IFERROR(INDEX($D:$D,MATCH(X21,$A:$A,0)),""),FIND(",",IFERROR(INDEX($D:$D,MATCH(X21,$A:$A,0)),""))-1),IFERROR(INDEX($D:$D,MATCH(X21,$A:$A,0)),""))))) | Z21: =IF(AND(A21<>"",L21="Retire"),COUNTIF($L$5:L21,"Retire"),"") | AA21: =IF(AND(A21<>"",L21="Build"),COUNTIF($L$5:L21,"Build"),"") | AB21: =IF(AND(A21<>"",OR(M21="4+",AND(ISNUMBER(M21),M21>=2))),SUMPRODUCT(($A$5:A21<>"")*(($M$5:M21="4+")+(ISNUMBER($M$5:M21)*($M$5:M21>=2)))),"") | AC21: =IF(AND(A21<>"",OR(L21="",L21="Undecided",K21="")),SUMPRODUCT(($A$5:A21<>"")*(($L$5:L21="")+($L$5:L21="Undecided")+($K$5:K21=""))>0*1),"")
M22: =IF(A22="","",IF(V22="",0,IF(W22="",1,IF(X22="",2,IF(Y22="",3,"4+"))))) | N22: =IF(A22="","",A22&IF(V22="",""," <- "&V22&IF(W22="",""," <- "&W22&IF(X22="",""," <- "&X22&IF(Y22="",""," <- "&Y22))))&IF(ISNUMBER(FIND(",",D22))," (+ other parents)","")) | O22: =IF(A22="","",COUNTIF(Fields!$D:$D,A22)) | P22: =IF(A22="","",SUMIF(Fields!$D:$D,A22,Fields!$O:$O)) | V22: =IF(A22="","",IF(IFERROR(INDEX($D:$D,MATCH(A22,$A:$A,0)),"")="","",TRIM(IF(ISNUMBER(FIND(",",IFERROR(INDEX($D:$D,MATCH(A22,$A:$A,0)),""))),LEFT(IFERROR(INDEX($D:$D,MATCH(A22,$A:$A,0)),""),FIND(",",IFERROR(INDEX($D:$D,MATCH(A22,$A:$A,0)),""))-1),IFERROR(INDEX($D:$D,MATCH(A22,$A:$A,0)),""))))) | W22: =IF(V22="","",IF(IFERROR(INDEX($D:$D,MATCH(V22,$A:$A,0)),"")="","",TRIM(IF(ISNUMBER(FIND(",",IFERROR(INDEX($D:$D,MATCH(V22,$A:$A,0)),""))),LEFT(IFERROR(INDEX($D:$D,MATCH(V22,$A:$A,0)),""),FIND(",",IFERROR(INDEX($D:$D,MATCH(V22,$A:$A,0)),""))-1),IFERROR(INDEX($D:$D,MATCH(V22,$A:$A,0)),""))))) | X22: =IF(W22="","",IF(IFERROR(INDEX($D:$D,MATCH(W22,$A:$A,0)),"")="","",TRIM(IF(ISNUMBER(FIND(",",IFERROR(INDEX($D:$D,MATCH(W22,$A:$A,0)),""))),LEFT(IFERROR(INDEX($D:$D,MATCH(W22,$A:$A,0)),""),FIND(",",IFERROR(INDEX($D:$D,MATCH(W22,$A:$A,0)),""))-1),IFERROR(INDEX($D:$D,MATCH(W22,$A:$A,0)),""))))) | Y22: =IF(X22="","",IF(IFERROR(INDEX($D:$D,MATCH(X22,$A:$A,0)),"")="","",TRIM(IF(ISNUMBER(FIND(",",IFERROR(INDEX($D:$D,MATCH(X22,$A:$A,0)),""))),LEFT(IFERROR(INDEX($D:$D,MATCH(X22,$A:$A,0)),""),FIND(",",IFERROR(INDEX($D:$D,MATCH(X22,$A:$A,0)),""))-1),IFERROR(INDEX($D:$D,MATCH(X22,$A:$A,0)),""))))) | Z22: =IF(AND(A22<>"",L22="Retire"),COUNTIF($L$5:L22,"Retire"),"") | AA22: =IF(AND(A22<>"",L22="Build"),COUNTIF($L$5:L22,"Build"),"") | AB22: =IF(AND(A22<>"",OR(M22="4+",AND(ISNUMBER(M22),M22>=2))),SUMPRODUCT(($A$5:A22<>"")*(($M$5:M22="4+")+(ISNUMBER($M$5:M22)*($M$5:M22>=2)))),"") | AC22: =IF(AND(A22<>"",OR(L22="",L22="Undecided",K22="")),SUMPRODUCT(($A$5:A22<>"")*(($L$5:L22="")+($L$5:L22="Undecided")+($K$5:K22=""))>0*1),"")
M23: =IF(A23="","",IF(V23="",0,IF(W23="",1,IF(X23="",2,IF(Y23="",3,"4+"))))) | N23: =IF(A23="","",A23&IF(V23="",""," <- "&V23&IF(W23="",""," <- "&W23&IF(X23="",""," <- "&X23&IF(Y23="",""," <- "&Y23))))&IF(ISNUMBER(FIND(",",D23))," (+ other parents)","")) | O23: =IF(A23="","",COUNTIF(Fields!$D:$D,A23)) | P23: =IF(A23="","",SUMIF(Fields!$D:$D,A23,Fields!$O:$O)) | V23: =IF(A23="","",IF(IFERROR(INDEX($D:$D,MATCH(A23,$A:$A,0)),"")="","",TRIM(IF(ISNUMBER(FIND(",",IFERROR(INDEX($D:$D,MATCH(A23,$A:$A,0)),""))),LEFT(IFERROR(INDEX($D:$D,MATCH(A23,$A:$A,0)),""),FIND(",",IFERROR(INDEX($D:$D,MATCH(A23,$A:$A,0)),""))-1),IFERROR(INDEX($D:$D,MATCH(A23,$A:$A,0)),""))))) | W23: =IF(V23="","",IF(IFERROR(INDEX($D:$D,MATCH(V23,$A:$A,0)),"")="","",TRIM(IF(ISNUMBER(FIND(",",IFERROR(INDEX($D:$D,MATCH(V23,$A:$A,0)),""))),LEFT(IFERROR(INDEX($D:$D,MATCH(V23,$A:$A,0)),""),FIND(",",IFERROR(INDEX($D:$D,MATCH(V23,$A:$A,0)),""))-1),IFERROR(INDEX($D:$D,MATCH(V23,$A:$A,0)),""))))) | X23: =IF(W23="","",IF(IFERROR(INDEX($D:$D,MATCH(W23,$A:$A,0)),"")="","",TRIM(IF(ISNUMBER(FIND(",",IFERROR(INDEX($D:$D,MATCH(W23,$A:$A,0)),""))),LEFT(IFERROR(INDEX($D:$D,MATCH(W23,$A:$A,0)),""),FIND(",",IFERROR(INDEX($D:$D,MATCH(W23,$A:$A,0)),""))-1),IFERROR(INDEX($D:$D,MATCH(W23,$A:$A,0)),""))))) | Y23: =IF(X23="","",IF(IFERROR(INDEX($D:$D,MATCH(X23,$A:$A,0)),"")="","",TRIM(IF(ISNUMBER(FIND(",",IFERROR(INDEX($D:$D,MATCH(X23,$A:$A,0)),""))),LEFT(IFERROR(INDEX($D:$D,MATCH(X23,$A:$A,0)),""),FIND(",",IFERROR(INDEX($D:$D,MATCH(X23,$A:$A,0)),""))-1),IFERROR(INDEX($D:$D,MATCH(X23,$A:$A,0)),""))))) | Z23: =IF(AND(A23<>"",L23="Retire"),COUNTIF($L$5:L23,"Retire"),"") | AA23: =IF(AND(A23<>"",L23="Build"),COUNTIF($L$5:L23,"Build"),"") | AB23: =IF(AND(A23<>"",OR(M23="4+",AND(ISNUMBER(M23),M23>=2))),SUMPRODUCT(($A$5:A23<>"")*(($M$5:M23="4+")+(ISNUMBER($M$5:M23)*($M$5:M23>=2)))),"") | AC23: =IF(AND(A23<>"",OR(L23="",L23="Undecided",K23="")),SUMPRODUCT(($A$5:A23<>"")*(($L$5:L23="")+($L$5:L23="Undecided")+($K$5:K23=""))>0*1),"")
... M254: =IF(A254="","",IF(V254="",0,IF(W254="",1,IF(X254="",2,IF(Y254="",3,"4+"))))) | N254: =IF(A254="","",A254&IF(V254="",""," <- "&V254&IF(W254="",""," <- "&W254&IF(X254="",""," <- "&X254&IF(Y254="",""," <- "&Y254))))&IF(ISNUMBER(FIND(",",D254))," (+ other parents)","")) | O254: =IF(A254="","",COUNTIF(Fields!$D:$D,A254)) | P254: =IF(A254="","",SUMIF(Fields!$D:$D,A254,Fields!$O:$O)) | V254: =IF(A254="","",IF(IFERROR(INDEX($D:$D,MATCH(A254,$A:$A,0)),"")="","",TRIM(IF(ISNUMBER(FIND(",",IFERROR(INDEX($D:$D,MATCH(A254,$A:$A,0)),""))),LEFT(IFERROR(INDEX($D:$D,MATCH(A254,$A:$A,0)),""),FIND(",",IFERROR(INDEX($D:$D,MATCH(A254,$A:$A,0)),""))-1),IFERROR(INDEX($D:$D,MATCH(A254,$A:$A,0)),""))))) | W254: =IF(V254="","",IF(IFERROR(INDEX($D:$D,MATCH(V254,$A:$A,0)),"")="","",TRIM(IF(ISNUMBER(FIND(",",IFERROR(INDEX($D:$D,MATCH(V254,$A:$A,0)),""))),LEFT(IFERROR(INDEX($D:$D,MATCH(V254,$A:$A,0)),""),FIND(",",IFERROR(INDEX($D:$D,MATCH(V254,$A:$A,0)),""))-1),IFERROR(INDEX($D:$D,MATCH(V254,$A:$A,0)),""))))) | X254: =IF(W254="","",IF(IFERROR(INDEX($D:$D,MATCH(W254,$A:$A,0)),"")="","",TRIM(IF(ISNUMBER(FIND(",",IFERROR(INDEX($D:$D,MATCH(W254,$A:$A,0)),""))),LEFT(IFERROR(INDEX($D:$D,MATCH(W254,$A:$A,0)),""),FIND(",",IFERROR(INDEX($D:$D,MATCH(W254,$A:$A,0)),""))-1),IFERROR(INDEX($D:$D,MATCH(W254,$A:$A,0)),""))))) | Y254: =IF(X254="","",IF(IFERROR(INDEX($D:$D,MATCH(X254,$A:$A,0)),"")="","",TRIM(IF(ISNUMBER(FIND(",",IFERROR(INDEX($D:$D,MATCH(X254,$A:$A,0)),""))),LEFT(IFERROR(INDEX($D:$D,MATCH(X254,$A:$A,0)),""),FIND(",",IFERROR(INDEX($D:$D,MATCH(X254,$A:$A,0)),""))-1),IFERROR(INDEX($D:$D,MATCH(X254,$A:$A,0)),""))))) | Z254: =IF(AND(A254<>"",L254="Retire"),COUNTIF($L$5:L254,"Retire"),"") | AA254: =IF(AND(A254<>"",L254="Build"),COUNTIF($L$5:L254,"Build"),"") | AB254: =IF(AND(A254<>"",OR(M254="4+",AND(ISNUMBER(M254),M254>=2))),SUMPRODUCT(($A$5:A254<>"")*(($M$5:M254="4+")+(ISNUMBER($M$5:M254)*($M$5:M254>=2)))),"") | AC254: =IF(AND(A254<>"",OR(L254="",L254="Undecided",K254="")),SUMPRODUCT(($A$5:A254<>"")*(($L$5:L254="")+($L$5:L254="Undecided")+($K$5:K254=""))>0*1),"")

Sheet Fields
A1: Fields
A2: The columns the metrics need. Raw = taken as is. Derived = our team computes it by a rule written in Logic. Every Derived row is part of the business layer.
A4: Field ID | B4: Field name | C4: Type | D4: Table ID | E4: Table name | F4: Layer | G4: Derived from (field IDs) | H4: Logic (the business rule) | I4: Data quality | J4: Target layer | K4: Disposition | L4: Issue / note | M4: Notes | N4: Metrics using it | O4: Products reached | P4: Source (where found) | Q4: Confidence | R4: Last verified | S4: Verified by | T4: h_fix | U4: h_move | V4: h_undecided
A5: F-001 | B5: Requisition approved date | C5: Raw | D5: T-001 | E5: =IF(D5="","",IFERROR(INDEX(Tables!$B:$B,MATCH(D5,Tables!$A:$A,0)),"ID not found")) -> HRDW requisition table | F5: =IF(D5="","",IFERROR(INDEX(Tables!$C:$C,MATCH(D5,Tables!$A:$A,0)),"")) -> HRDW | I5: Clean | J5: Source tables | K5: Keep as is | M5: Example. | N5: =IF(A5="","",COUNTIF('Metric to Field'!$B:$B,A5)) -> 1 | O5: =IF(A5="","",SUMIF('Metric to Field'!$B:$B,A5,'Metric to Field'!$F:$F)) -> 2 | P5: scorecard.twb | Q5: Found | R5: 2026-10-07 | T5: =IF(AND(A5<>"",K5="Fix upstream"),COUNTIF($K$5:K5,"Fix upstream"),"") | U5: =IF(AND(A5<>"",OR(K5="Move to business rules",K5="Merge into certified table")),COUNTIF($K$5:K5,"Move to business rules")+COUNTIF($K$5:K5,"Merge into certified table"),"") | V5: =IF(AND(A5<>"",OR(K5="",K5="Undecided",J5="")),SUMPRODUCT(($A$5:A5<>"")*((($K$5:K5="")+($K$5:K5="Undecided")+($J$5:J5=""))>0)),"")
A6: F-002 | B6: Offer accepted date | C6: Raw | D6: T-003 | E6: =IF(D6="","",IFERROR(INDEX(Tables!$B:$B,MATCH(D6,Tables!$A:$A,0)),"ID not found")) -> HRDW offer table | F6: =IF(D6="","",IFERROR(INDEX(Tables!$C:$C,MATCH(D6,Tables!$A:$A,0)),"")) -> HRDW | I6: Clean | J6: Source tables | K6: Keep as is | M6: Example. | N6: =IF(A6="","",COUNTIF('Metric to Field'!$B:$B,A6)) -> 2 | O6: =IF(A6="","",SUMIF('Metric to Field'!$B:$B,A6,'Metric to Field'!$F:$F)) -> 4 | P6: scorecard.twb | Q6: Found | R6: 2026-10-07 | T6: =IF(AND(A6<>"",K6="Fix upstream"),COUNTIF($K$5:K6,"Fix upstream"),"") | U6: =IF(AND(A6<>"",OR(K6="Move to business rules",K6="Merge into certified table")),COUNTIF($K$5:K6,"Move to business rules")+COUNTIF($K$5:K6,"Merge into certified table"),"") | V6: =IF(AND(A6<>"",OR(K6="",K6="Undecided",J6="")),SUMPRODUCT(($A$5:A6<>"")*((($K$5:K6="")+($K$5:K6="Undecided")+($J$5:J6=""))>0)),"")
A7: F-003 | B7: Evergreen flag | C7: Raw | D7: T-001 | E7: =IF(D7="","",IFERROR(INDEX(Tables!$B:$B,MATCH(D7,Tables!$A:$A,0)),"ID not found")) -> HRDW requisition table | F7: =IF(D7="","",IFERROR(INDEX(Tables!$C:$C,MATCH(D7,Tables!$A:$A,0)),"")) -> HRDW | I7: Issue | J7: Source tables | K7: Fix upstream | L7: Flag arrives blank for some requisitions; PDP to fix at source. | M7: Example. | N7: =IF(A7="","",COUNTIF('Metric to Field'!$B:$B,A7)) -> 2 | O7: =IF(A7="","",SUMIF('Metric to Field'!$B:$B,A7,'Metric to Field'!$F:$F)) -> 3 | Q7: Human | R7: 2026-10-07 | T7: =IF(AND(A7<>"",K7="Fix upstream"),COUNTIF($K$5:K7,"Fix upstream"),"") -> 1 | U7: =IF(AND(A7<>"",OR(K7="Move to business rules",K7="Merge into certified table")),COUNTIF($K$5:K7,"Move to business rules")+COUNTIF($K$5:K7,"Merge into certified table"),"") | V7: =IF(AND(A7<>"",OR(K7="",K7="Undecided",J7="")),SUMPRODUCT(($A$5:A7<>"")*((($K$5:K7="")+($K$5:K7="Undecided")+($J$5:J7=""))>0)),"")
A8: F-004 | B8: Requisition status | C8: Raw | D8: T-001 | E8: =IF(D8="","",IFERROR(INDEX(Tables!$B:$B,MATCH(D8,Tables!$A:$A,0)),"ID not found")) -> HRDW requisition table | F8: =IF(D8="","",IFERROR(INDEX(Tables!$C:$C,MATCH(D8,Tables!$A:$A,0)),"")) -> HRDW | I8: Clean | J8: Source tables | K8: Keep as is | M8: Example. | N8: =IF(A8="","",COUNTIF('Metric to Field'!$B:$B,A8)) -> 1 | O8: =IF(A8="","",SUMIF('Metric to Field'!$B:$B,A8,'Metric to Field'!$F:$F)) -> 2 | P8: scorecard.twb | Q8: Found | R8: 2026-10-07 | T8: =IF(AND(A8<>"",K8="Fix upstream"),COUNTIF($K$5:K8,"Fix upstream"),"") | U8: =IF(AND(A8<>"",OR(K8="Move to business rules",K8="Merge into certified table")),COUNTIF($K$5:K8,"Move to business rules")+COUNTIF($K$5:K8,"Merge into certified table"),"") | V8: =IF(AND(A8<>"",OR(K8="",K8="Undecided",J8="")),SUMPRODUCT(($A$5:A8<>"")*((($K$5:K8="")+($K$5:K8="Undecided")+($J$5:J8=""))>0)),"")
A9: F-005 | B9: Original requisition link | C9: Derived | D9: T-004 | E9: =IF(D9="","",IFERROR(INDEX(Tables!$B:$B,MATCH(D9,Tables!$A:$A,0)),"ID not found")) -> Requisition linkage table | F9: =IF(D9="","",IFERROR(INDEX(Tables!$C:$C,MATCH(D9,Tables!$A:$A,0)),"")) -> Team custom | G9: F-006 | H9: When a requisition is transferred, map the new requisition ID to the original so the clock continues from the original approval date. | I9: Unknown | J9: Business rules | K9: Keep as is | M9: Example. Does not exist upstream; only our team builds it. | N9: =IF(A9="","",COUNTIF('Metric to Field'!$B:$B,A9)) -> 1 | O9: =IF(A9="","",SUMIF('Metric to Field'!$B:$B,A9,'Metric to Field'!$F:$F)) -> 2 | P9: repo/sql/req_linkage.sql | Q9: Found | R9: 2026-10-07 | T9: =IF(AND(A9<>"",K9="Fix upstream"),COUNTIF($K$5:K9,"Fix upstream"),"") | U9: =IF(AND(A9<>"",OR(K9="Move to business rules",K9="Merge into certified table")),COUNTIF($K$5:K9,"Move to business rules")+COUNTIF($K$5:K9,"Merge into certified table"),"") | V9: =IF(AND(A9<>"",OR(K9="",K9="Undecided",J9="")),SUMPRODUCT(($A$5:A9<>"")*((($K$5:K9="")+($K$5:K9="Undecided")+($J$5:J9=""))>0)),"")
A10: F-006 | B10: Requisition transfer history | C10: Raw | D10: T-002 | E10: =IF(D10="","",IFERROR(INDEX(Tables!$B:$B,MATCH(D10,Tables!$A:$A,0)),"ID not found")) -> HRDW requisition history table | F10: =IF(D10="","",IFERROR(INDEX(Tables!$C:$C,MATCH(D10,Tables!$A:$A,0)),"")) -> HRDW | I10: Unknown | J10: Source tables | K10: Keep as is | M10: Example. | N10: =IF(A10="","",COUNTIF('Metric to Field'!$B:$B,A10)) -> 0 | O10: =IF(A10="","",SUMIF('Metric to Field'!$B:$B,A10,'Metric to Field'!$F:$F)) -> 0 | Q10: Human | R10: 2026-10-07 | T10: =IF(AND(A10<>"",K10="Fix upstream"),COUNTIF($K$5:K10,"Fix upstream"),"") | U10: =IF(AND(A10<>"",OR(K10="Move to business rules",K10="Merge into certified table")),COUNTIF($K$5:K10,"Move to business rules")+COUNTIF($K$5:K10,"Merge into certified table"),"") | V10: =IF(AND(A10<>"",OR(K10="",K10="Undecided",J10="")),SUMPRODUCT(($A$5:A10<>"")*((($K$5:K10="")+($K$5:K10="Undecided")+($J$5:J10=""))>0)),"")
A11: F-007 | B11: Requisition owner history | C11: Raw | D11: T-002 | E11: =IF(D11="","",IFERROR(INDEX(Tables!$B:$B,MATCH(D11,Tables!$A:$A,0)),"ID not found")) -> HRDW requisition history table | F11: =IF(D11="","",IFERROR(INDEX(Tables!$C:$C,MATCH(D11,Tables!$A:$A,0)),"")) -> HRDW | I11: Clean | J11: Source tables | K11: Keep as is | M11: Example. | N11: =IF(A11="","",COUNTIF('Metric to Field'!$B:$B,A11)) -> 0 | O11: =IF(A11="","",SUMIF('Metric to Field'!$B:$B,A11,'Metric to Field'!$F:$F)) -> 0 | Q11: Human | R11: 2026-10-07 | T11: =IF(AND(A11<>"",K11="Fix upstream"),COUNTIF($K$5:K11,"Fix upstream"),"") | U11: =IF(AND(A11<>"",OR(K11="Move to business rules",K11="Merge into certified table")),COUNTIF($K$5:K11,"Move to business rules")+COUNTIF($K$5:K11,"Merge into certified table"),"") | V11: =IF(AND(A11<>"",OR(K11="",K11="Undecided",J11="")),SUMPRODUCT(($A$5:A11<>"")*((($K$5:K11="")+($K$5:K11="Undecided")+($J$5:J11=""))>0)),"")
A12: F-008 | B12: Credited recruiter | C12: Derived | D12: T-005 | E12: =IF(D12="","",IFERROR(INDEX(Tables!$B:$B,MATCH(D12,Tables!$A:$A,0)),"ID not found")) -> Recruiter scorecard base | F12: =IF(D12="","",IFERROR(INDEX(Tables!$C:$C,MATCH(D12,Tables!$A:$A,0)),"")) -> Team custom | G12: F-007, F-002 | H12: Recruiter who owned the requisition on the day the offer was accepted. Not the recruiter tagged on the requisition today. | I12: Unknown | J12: Business rules | K12: Move to business rules | M12: Example. The attribution rule to agree with TAAA; lives in the recruiter base today, moves to the certified table. | N12: =IF(A12="","",COUNTIF('Metric to Field'!$B:$B,A12)) -> 1 | O12: =IF(A12="","",SUMIF('Metric to Field'!$B:$B,A12,'Metric to Field'!$F:$F)) -> 2 | P12: repo/sql/recruiter_base.sql | Q12: Found | R12: 2026-10-07 | T12: =IF(AND(A12<>"",K12="Fix upstream"),COUNTIF($K$5:K12,"Fix upstream"),"") | U12: =IF(AND(A12<>"",OR(K12="Move to business rules",K12="Merge into certified table")),COUNTIF($K$5:K12,"Move to business rules")+COUNTIF($K$5:K12,"Merge into certified table"),"") -> 1 | V12: =IF(AND(A12<>"",OR(K12="",K12="Undecided",J12="")),SUMPRODUCT(($A$5:A12<>"")*((($K$5:K12="")+($K$5:K12="Undecided")+($J$5:J12=""))>0)),"")
A13: F-009 | B13: Requisition posted date | C13: Raw | D13: T-001 | E13: =IF(D13="","",IFERROR(INDEX(Tables!$B:$B,MATCH(D13,Tables!$A:$A,0)),"ID not found")) -> HRDW requisition table | F13: =IF(D13="","",IFERROR(INDEX(Tables!$C:$C,MATCH(D13,Tables!$A:$A,0)),"")) -> HRDW | I13: Clean | J13: Source tables | K13: Keep as is | M13: Example. | N13: =IF(A13="","",COUNTIF('Metric to Field'!$B:$B,A13)) -> 1 | O13: =IF(A13="","",SUMIF('Metric to Field'!$B:$B,A13,'Metric to Field'!$F:$F)) -> 1 | P13: recruiter_view.twb | Q13: Found | R13: 2026-10-07 | T13: =IF(AND(A13<>"",K13="Fix upstream"),COUNTIF($K$5:K13,"Fix upstream"),"") | U13: =IF(AND(A13<>"",OR(K13="Move to business rules",K13="Merge into certified table")),COUNTIF($K$5:K13,"Move to business rules")+COUNTIF($K$5:K13,"Merge into certified table"),"") | V13: =IF(AND(A13<>"",OR(K13="",K13="Undecided",J13="")),SUMPRODUCT(($A$5:A13<>"")*((($K$5:K13="")+($K$5:K13="Undecided")+($J$5:J13=""))>0)),"")
A14: F-010 | B14: Start date | C14: Raw | D14: T-003 | E14: =IF(D14="","",IFERROR(INDEX(Tables!$B:$B,MATCH(D14,Tables!$A:$A,0)),"ID not found")) -> HRDW offer table | F14: =IF(D14="","",IFERROR(INDEX(Tables!$C:$C,MATCH(D14,Tables!$A:$A,0)),"")) -> HRDW | I14: Clean | J14: Source tables | K14: Keep as is | M14: Example. | N14: =IF(A14="","",COUNTIF('Metric to Field'!$B:$B,A14)) -> 1 | O14: =IF(A14="","",SUMIF('Metric to Field'!$B:$B,A14,'Metric to Field'!$F:$F)) -> 1 | P14: recruiter_view.twb | Q14: Found | R14: 2026-10-07 | T14: =IF(AND(A14<>"",K14="Fix upstream"),COUNTIF($K$5:K14,"Fix upstream"),"") | U14: =IF(AND(A14<>"",OR(K14="Move to business rules",K14="Merge into certified table")),COUNTIF($K$5:K14,"Move to business rules")+COUNTIF($K$5:K14,"Merge into certified table"),"") | V14: =IF(AND(A14<>"",OR(K14="",K14="Undecided",J14="")),SUMPRODUCT(($A$5:A14<>"")*((($K$5:K14="")+($K$5:K14="Undecided")+($J$5:J14=""))>0)),"")
E15: =IF(D15="","",IFERROR(INDEX(Tables!$B:$B,MATCH(D15,Tables!$A:$A,0)),"ID not found")) | F15: =IF(D15="","",IFERROR(INDEX(Tables!$C:$C,MATCH(D15,Tables!$A:$A,0)),"")) | N15: =IF(A15="","",COUNTIF('Metric to Field'!$B:$B,A15)) | O15: =IF(A15="","",SUMIF('Metric to Field'!$B:$B,A15,'Metric to Field'!$F:$F)) | T15: =IF(AND(A15<>"",K15="Fix upstream"),COUNTIF($K$5:K15,"Fix upstream"),"") | U15: =IF(AND(A15<>"",OR(K15="Move to business rules",K15="Merge into certified table")),COUNTIF($K$5:K15,"Move to business rules")+COUNTIF($K$5:K15,"Merge into certified table"),"") | V15: =IF(AND(A15<>"",OR(K15="",K15="Undecided",J15="")),SUMPRODUCT(($A$5:A15<>"")*((($K$5:K15="")+($K$5:K15="Undecided")+($J$5:J15=""))>0)),"")
E16: =IF(D16="","",IFERROR(INDEX(Tables!$B:$B,MATCH(D16,Tables!$A:$A,0)),"ID not found")) | F16: =IF(D16="","",IFERROR(INDEX(Tables!$C:$C,MATCH(D16,Tables!$A:$A,0)),"")) | N16: =IF(A16="","",COUNTIF('Metric to Field'!$B:$B,A16)) | O16: =IF(A16="","",SUMIF('Metric to Field'!$B:$B,A16,'Metric to Field'!$F:$F)) | T16: =IF(AND(A16<>"",K16="Fix upstream"),COUNTIF($K$5:K16,"Fix upstream"),"") | U16: =IF(AND(A16<>"",OR(K16="Move to business rules",K16="Merge into certified table")),COUNTIF($K$5:K16,"Move to business rules")+COUNTIF($K$5:K16,"Merge into certified table"),"") | V16: =IF(AND(A16<>"",OR(K16="",K16="Undecided",J16="")),SUMPRODUCT(($A$5:A16<>"")*((($K$5:K16="")+($K$5:K16="Undecided")+($J$5:J16=""))>0)),"")
E17: =IF(D17="","",IFERROR(INDEX(Tables!$B:$B,MATCH(D17,Tables!$A:$A,0)),"ID not found")) | F17: =IF(D17="","",IFERROR(INDEX(Tables!$C:$C,MATCH(D17,Tables!$A:$A,0)),"")) | N17: =IF(A17="","",COUNTIF('Metric to Field'!$B:$B,A17)) | O17: =IF(A17="","",SUMIF('Metric to Field'!$B:$B,A17,'Metric to Field'!$F:$F)) | T17: =IF(AND(A17<>"",K17="Fix upstream"),COUNTIF($K$5:K17,"Fix upstream"),"") | U17: =IF(AND(A17<>"",OR(K17="Move to business rules",K17="Merge into certified table")),COUNTIF($K$5:K17,"Move to business rules")+COUNTIF($K$5:K17,"Merge into certified table"),"") | V17: =IF(AND(A17<>"",OR(K17="",K17="Undecided",J17="")),SUMPRODUCT(($A$5:A17<>"")*((($K$5:K17="")+($K$5:K17="Undecided")+($J$5:J17=""))>0)),"")
E18: =IF(D18="","",IFERROR(INDEX(Tables!$B:$B,MATCH(D18,Tables!$A:$A,0)),"ID not found")) | F18: =IF(D18="","",IFERROR(INDEX(Tables!$C:$C,MATCH(D18,Tables!$A:$A,0)),"")) | N18: =IF(A18="","",COUNTIF('Metric to Field'!$B:$B,A18)) | O18: =IF(A18="","",SUMIF('Metric to Field'!$B:$B,A18,'Metric to Field'!$F:$F)) | T18: =IF(AND(A18<>"",K18="Fix upstream"),COUNTIF($K$5:K18,"Fix upstream"),"") | U18: =IF(AND(A18<>"",OR(K18="Move to business rules",K18="Merge into certified table")),COUNTIF($K$5:K18,"Move to business rules")+COUNTIF($K$5:K18,"Merge into certified table"),"") | V18: =IF(AND(A18<>"",OR(K18="",K18="Undecided",J18="")),SUMPRODUCT(($A$5:A18<>"")*((($K$5:K18="")+($K$5:K18="Undecided")+($J$5:J18=""))>0)),"")
E19: =IF(D19="","",IFERROR(INDEX(Tables!$B:$B,MATCH(D19,Tables!$A:$A,0)),"ID not found")) | F19: =IF(D19="","",IFERROR(INDEX(Tables!$C:$C,MATCH(D19,Tables!$A:$A,0)),"")) | N19: =IF(A19="","",COUNTIF('Metric to Field'!$B:$B,A19)) | O19: =IF(A19="","",SUMIF('Metric to Field'!$B:$B,A19,'Metric to Field'!$F:$F)) | T19: =IF(AND(A19<>"",K19="Fix upstream"),COUNTIF($K$5:K19,"Fix upstream"),"") | U19: =IF(AND(A19<>"",OR(K19="Move to business rules",K19="Merge into certified table")),COUNTIF($K$5:K19,"Move to business rules")+COUNTIF($K$5:K19,"Merge into certified table"),"") | V19: =IF(AND(A19<>"",OR(K19="",K19="Undecided",J19="")),SUMPRODUCT(($A$5:A19<>"")*((($K$5:K19="")+($K$5:K19="Undecided")+($J$5:J19=""))>0)),"")
E20: =IF(D20="","",IFERROR(INDEX(Tables!$B:$B,MATCH(D20,Tables!$A:$A,0)),"ID not found")) | F20: =IF(D20="","",IFERROR(INDEX(Tables!$C:$C,MATCH(D20,Tables!$A:$A,0)),"")) | N20: =IF(A20="","",COUNTIF('Metric to Field'!$B:$B,A20)) | O20: =IF(A20="","",SUMIF('Metric to Field'!$B:$B,A20,'Metric to Field'!$F:$F)) | T20: =IF(AND(A20<>"",K20="Fix upstream"),COUNTIF($K$5:K20,"Fix upstream"),"") | U20: =IF(AND(A20<>"",OR(K20="Move to business rules",K20="Merge into certified table")),COUNTIF($K$5:K20,"Move to business rules")+COUNTIF($K$5:K20,"Merge into certified table"),"") | V20: =IF(AND(A20<>"",OR(K20="",K20="Undecided",J20="")),SUMPRODUCT(($A$5:A20<>"")*((($K$5:K20="")+($K$5:K20="Undecided")+($J$5:J20=""))>0)),"")
E21: =IF(D21="","",IFERROR(INDEX(Tables!$B:$B,MATCH(D21,Tables!$A:$A,0)),"ID not found")) | F21: =IF(D21="","",IFERROR(INDEX(Tables!$C:$C,MATCH(D21,Tables!$A:$A,0)),"")) | N21: =IF(A21="","",COUNTIF('Metric to Field'!$B:$B,A21)) | O21: =IF(A21="","",SUMIF('Metric to Field'!$B:$B,A21,'Metric to Field'!$F:$F)) | T21: =IF(AND(A21<>"",K21="Fix upstream"),COUNTIF($K$5:K21,"Fix upstream"),"") | U21: =IF(AND(A21<>"",OR(K21="Move to business rules",K21="Merge into certified table")),COUNTIF($K$5:K21,"Move to business rules")+COUNTIF($K$5:K21,"Merge into certified table"),"") | V21: =IF(AND(A21<>"",OR(K21="",K21="Undecided",J21="")),SUMPRODUCT(($A$5:A21<>"")*((($K$5:K21="")+($K$5:K21="Undecided")+($J$5:J21=""))>0)),"")
E22: =IF(D22="","",IFERROR(INDEX(Tables!$B:$B,MATCH(D22,Tables!$A:$A,0)),"ID not found")) | F22: =IF(D22="","",IFERROR(INDEX(Tables!$C:$C,MATCH(D22,Tables!$A:$A,0)),"")) | N22: =IF(A22="","",COUNTIF('Metric to Field'!$B:$B,A22)) | O22: =IF(A22="","",SUMIF('Metric to Field'!$B:$B,A22,'Metric to Field'!$F:$F)) | T22: =IF(AND(A22<>"",K22="Fix upstream"),COUNTIF($K$5:K22,"Fix upstream"),"") | U22: =IF(AND(A22<>"",OR(K22="Move to business rules",K22="Merge into certified table")),COUNTIF($K$5:K22,"Move to business rules")+COUNTIF($K$5:K22,"Merge into certified table"),"") | V22: =IF(AND(A22<>"",OR(K22="",K22="Undecided",J22="")),SUMPRODUCT(($A$5:A22<>"")*((($K$5:K22="")+($K$5:K22="Undecided")+($J$5:J22=""))>0)),"")
E23: =IF(D23="","",IFERROR(INDEX(Tables!$B:$B,MATCH(D23,Tables!$A:$A,0)),"ID not found")) | F23: =IF(D23="","",IFERROR(INDEX(Tables!$C:$C,MATCH(D23,Tables!$A:$A,0)),"")) | N23: =IF(A23="","",COUNTIF('Metric to Field'!$B:$B,A23)) | O23: =IF(A23="","",SUMIF('Metric to Field'!$B:$B,A23,'Metric to Field'!$F:$F)) | T23: =IF(AND(A23<>"",K23="Fix upstream"),COUNTIF($K$5:K23,"Fix upstream"),"") | U23: =IF(AND(A23<>"",OR(K23="Move to business rules",K23="Merge into certified table")),COUNTIF($K$5:K23,"Move to business rules")+COUNTIF($K$5:K23,"Merge into certified table"),"") | V23: =IF(AND(A23<>"",OR(K23="",K23="Undecided",J23="")),SUMPRODUCT(($A$5:A23<>"")*((($K$5:K23="")+($K$5:K23="Undecided")+($J$5:J23=""))>0)),"")
E24: =IF(D24="","",IFERROR(INDEX(Tables!$B:$B,MATCH(D24,Tables!$A:$A,0)),"ID not found")) | F24: =IF(D24="","",IFERROR(INDEX(Tables!$C:$C,MATCH(D24,Tables!$A:$A,0)),"")) | N24: =IF(A24="","",COUNTIF('Metric to Field'!$B:$B,A24)) | O24: =IF(A24="","",SUMIF('Metric to Field'!$B:$B,A24,'Metric to Field'!$F:$F)) | T24: =IF(AND(A24<>"",K24="Fix upstream"),COUNTIF($K$5:K24,"Fix upstream"),"") | U24: =IF(AND(A24<>"",OR(K24="Move to business rules",K24="Merge into certified table")),COUNTIF($K$5:K24,"Move to business rules")+COUNTIF($K$5:K24,"Merge into certified table"),"") | V24: =IF(AND(A24<>"",OR(K24="",K24="Undecided",J24="")),SUMPRODUCT(($A$5:A24<>"")*((($K$5:K24="")+($K$5:K24="Undecided")+($J$5:J24=""))>0)),"")
E25: =IF(D25="","",IFERROR(INDEX(Tables!$B:$B,MATCH(D25,Tables!$A:$A,0)),"ID not found")) | F25: =IF(D25="","",IFERROR(INDEX(Tables!$C:$C,MATCH(D25,Tables!$A:$A,0)),"")) | N25: =IF(A25="","",COUNTIF('Metric to Field'!$B:$B,A25)) | O25: =IF(A25="","",SUMIF('Metric to Field'!$B:$B,A25,'Metric to Field'!$F:$F)) | T25: =IF(AND(A25<>"",K25="Fix upstream"),COUNTIF($K$5:K25,"Fix upstream"),"") | U25: =IF(AND(A25<>"",OR(K25="Move to business rules",K25="Merge into certified table")),COUNTIF($K$5:K25,"Move to business rules")+COUNTIF($K$5:K25,"Merge into certified table"),"") | V25: =IF(AND(A25<>"",OR(K25="",K25="Undecided",J25="")),SUMPRODUCT(($A$5:A25<>"")*((($K$5:K25="")+($K$5:K25="Undecided")+($J$5:J25=""))>0)),"")
E26: =IF(D26="","",IFERROR(INDEX(Tables!$B:$B,MATCH(D26,Tables!$A:$A,0)),"ID not found")) | F26: =IF(D26="","",IFERROR(INDEX(Tables!$C:$C,MATCH(D26,Tables!$A:$A,0)),"")) | N26: =IF(A26="","",COUNTIF('Metric to Field'!$B:$B,A26)) | O26: =IF(A26="","",SUMIF('Metric to Field'!$B:$B,A26,'Metric to Field'!$F:$F)) | T26: =IF(AND(A26<>"",K26="Fix upstream"),COUNTIF($K$5:K26,"Fix upstream"),"") | U26: =IF(AND(A26<>"",OR(K26="Move to business rules",K26="Merge into certified table")),COUNTIF($K$5:K26,"Move to business rules")+COUNTIF($K$5:K26,"Merge into certified table"),"") | V26: =IF(AND(A26<>"",OR(K26="",K26="Undecided",J26="")),SUMPRODUCT(($A$5:A26<>"")*((($K$5:K26="")+($K$5:K26="Undecided")+($J$5:J26=""))>0)),"")
... E604: =IF(D604="","",IFERROR(INDEX(Tables!$B:$B,MATCH(D604,Tables!$A:$A,0)),"ID not found")) | F604: =IF(D604="","",IFERROR(INDEX(Tables!$C:$C,MATCH(D604,Tables!$A:$A,0)),"")) | N604: =IF(A604="","",COUNTIF('Metric to Field'!$B:$B,A604)) | O604: =IF(A604="","",SUMIF('Metric to Field'!$B:$B,A604,'Metric to Field'!$F:$F)) | T604: =IF(AND(A604<>"",K604="Fix upstream"),COUNTIF($K$5:K604,"Fix upstream"),"") | U604: =IF(AND(A604<>"",OR(K604="Move to business rules",K604="Merge into certified table")),COUNTIF($K$5:K604,"Move to business rules")+COUNTIF($K$5:K604,"Merge into certified table"),"") | V604: =IF(AND(A604<>"",OR(K604="",K604="Undecided",J604="")),SUMPRODUCT(($A$5:A604<>"")*((($K$5:K604="")+($K$5:K604="Undecided")+($J$5:J604=""))>0)),"")

Sheet Metric to Field
A1: Metric to Field
A2: One row per field a metric needs. Type the two IDs; names fill in. Role says what the field does in the calculation.
A4: Metric ID | B4: Field ID | C4: Metric name | D4: Field name | E4: Role in the metric | F4: Products using this metric | G4: Notes | H4: Source (where found) | I4: Confidence
A5: M-001 | B5: F-001 | C5: =IF(A5="","",IFERROR(INDEX(Metrics!$C:$C,MATCH(A5,Metrics!$A:$A,0)),"ID not found")) -> Cycle time (approved to accepted) | D5: =IF(B5="","",IFERROR(INDEX(Fields!$B:$B,MATCH(B5,Fields!$A:$A,0)),"ID not found")) -> Requisition approved date | E5: Start of clock | F5: =IF(A5="",0,COUNTIF('Metric to Product'!$A:$A,A5)) -> 2 | G5: Example. | H5: scorecard.twb | I5: Found
A6: M-001 | B6: F-002 | C6: =IF(A6="","",IFERROR(INDEX(Metrics!$C:$C,MATCH(A6,Metrics!$A:$A,0)),"ID not found")) -> Cycle time (approved to accepted) | D6: =IF(B6="","",IFERROR(INDEX(Fields!$B:$B,MATCH(B6,Fields!$A:$A,0)),"ID not found")) -> Offer accepted date | E6: End of clock | F6: =IF(A6="",0,COUNTIF('Metric to Product'!$A:$A,A6)) -> 2 | G6: Example. | H6: scorecard.twb | I6: Found
A7: M-001 | B7: F-003 | C7: =IF(A7="","",IFERROR(INDEX(Metrics!$C:$C,MATCH(A7,Metrics!$A:$A,0)),"ID not found")) -> Cycle time (approved to accepted) | D7: =IF(B7="","",IFERROR(INDEX(Fields!$B:$B,MATCH(B7,Fields!$A:$A,0)),"ID not found")) -> Evergreen flag | E7: Exclusion | F7: =IF(A7="",0,COUNTIF('Metric to Product'!$A:$A,A7)) -> 2 | G7: Example. | H7: scorecard.twb | I7: Found
A8: M-001 | B8: F-004 | C8: =IF(A8="","",IFERROR(INDEX(Metrics!$C:$C,MATCH(A8,Metrics!$A:$A,0)),"ID not found")) -> Cycle time (approved to accepted) | D8: =IF(B8="","",IFERROR(INDEX(Fields!$B:$B,MATCH(B8,Fields!$A:$A,0)),"ID not found")) -> Requisition status | E8: Exclusion | F8: =IF(A8="",0,COUNTIF('Metric to Product'!$A:$A,A8)) -> 2 | G8: Example. | H8: scorecard.twb | I8: Found
A9: M-001 | B9: F-005 | C9: =IF(A9="","",IFERROR(INDEX(Metrics!$C:$C,MATCH(A9,Metrics!$A:$A,0)),"ID not found")) -> Cycle time (approved to accepted) | D9: =IF(B9="","",IFERROR(INDEX(Fields!$B:$B,MATCH(B9,Fields!$A:$A,0)),"ID not found")) -> Original requisition link | E9: Linkage | F9: =IF(A9="",0,COUNTIF('Metric to Product'!$A:$A,A9)) -> 2 | G9: Example. | H9: scorecard.twb | I9: Found
A10: M-002 | B10: F-009 | C10: =IF(A10="","",IFERROR(INDEX(Metrics!$C:$C,MATCH(A10,Metrics!$A:$A,0)),"ID not found")) -> Cycle time (posted to start) | D10: =IF(B10="","",IFERROR(INDEX(Fields!$B:$B,MATCH(B10,Fields!$A:$A,0)),"ID not found")) -> Requisition posted date | E10: Start of clock | F10: =IF(A10="",0,COUNTIF('Metric to Product'!$A:$A,A10)) -> 1 | G10: Example. | H10: scorecard.twb | I10: Found
A11: M-002 | B11: F-010 | C11: =IF(A11="","",IFERROR(INDEX(Metrics!$C:$C,MATCH(A11,Metrics!$A:$A,0)),"ID not found")) -> Cycle time (posted to start) | D11: =IF(B11="","",IFERROR(INDEX(Fields!$B:$B,MATCH(B11,Fields!$A:$A,0)),"ID not found")) -> Start date | E11: End of clock | F11: =IF(A11="",0,COUNTIF('Metric to Product'!$A:$A,A11)) -> 1 | G11: Example. | H11: scorecard.twb | I11: Found
A12: M-002 | B12: F-003 | C12: =IF(A12="","",IFERROR(INDEX(Metrics!$C:$C,MATCH(A12,Metrics!$A:$A,0)),"ID not found")) -> Cycle time (posted to start) | D12: =IF(B12="","",IFERROR(INDEX(Fields!$B:$B,MATCH(B12,Fields!$A:$A,0)),"ID not found")) -> Evergreen flag | E12: Exclusion | F12: =IF(A12="",0,COUNTIF('Metric to Product'!$A:$A,A12)) -> 1 | G12: Example. | H12: scorecard.twb | I12: Found
A13: M-003 | B13: F-002 | C13: =IF(A13="","",IFERROR(INDEX(Metrics!$C:$C,MATCH(A13,Metrics!$A:$A,0)),"ID not found")) -> Hires | D13: =IF(B13="","",IFERROR(INDEX(Fields!$B:$B,MATCH(B13,Fields!$A:$A,0)),"ID not found")) -> Offer accepted date | E13: Event counted | F13: =IF(A13="",0,COUNTIF('Metric to Product'!$A:$A,A13)) -> 2 | G13: Example. | H13: scorecard.twb | I13: Found
A14: M-003 | B14: F-008 | C14: =IF(A14="","",IFERROR(INDEX(Metrics!$C:$C,MATCH(A14,Metrics!$A:$A,0)),"ID not found")) -> Hires | D14: =IF(B14="","",IFERROR(INDEX(Fields!$B:$B,MATCH(B14,Fields!$A:$A,0)),"ID not found")) -> Credited recruiter | E14: Attribution | F14: =IF(A14="",0,COUNTIF('Metric to Product'!$A:$A,A14)) -> 2 | G14: Example. | H14: scorecard.twb | I14: Found
C15: =IF(A15="","",IFERROR(INDEX(Metrics!$C:$C,MATCH(A15,Metrics!$A:$A,0)),"ID not found")) | D15: =IF(B15="","",IFERROR(INDEX(Fields!$B:$B,MATCH(B15,Fields!$A:$A,0)),"ID not found")) | F15: =IF(A15="",0,COUNTIF('Metric to Product'!$A:$A,A15)) -> 0
C16: =IF(A16="","",IFERROR(INDEX(Metrics!$C:$C,MATCH(A16,Metrics!$A:$A,0)),"ID not found")) | D16: =IF(B16="","",IFERROR(INDEX(Fields!$B:$B,MATCH(B16,Fields!$A:$A,0)),"ID not found")) | F16: =IF(A16="",0,COUNTIF('Metric to Product'!$A:$A,A16)) -> 0
C17: =IF(A17="","",IFERROR(INDEX(Metrics!$C:$C,MATCH(A17,Metrics!$A:$A,0)),"ID not found")) | D17: =IF(B17="","",IFERROR(INDEX(Fields!$B:$B,MATCH(B17,Fields!$A:$A,0)),"ID not found")) | F17: =IF(A17="",0,COUNTIF('Metric to Product'!$A:$A,A17)) -> 0
C18: =IF(A18="","",IFERROR(INDEX(Metrics!$C:$C,MATCH(A18,Metrics!$A:$A,0)),"ID not found")) | D18: =IF(B18="","",IFERROR(INDEX(Fields!$B:$B,MATCH(B18,Fields!$A:$A,0)),"ID not found")) | F18: =IF(A18="",0,COUNTIF('Metric to Product'!$A:$A,A18)) -> 0
C19: =IF(A19="","",IFERROR(INDEX(Metrics!$C:$C,MATCH(A19,Metrics!$A:$A,0)),"ID not found")) | D19: =IF(B19="","",IFERROR(INDEX(Fields!$B:$B,MATCH(B19,Fields!$A:$A,0)),"ID not found")) | F19: =IF(A19="",0,COUNTIF('Metric to Product'!$A:$A,A19)) -> 0
C20: =IF(A20="","",IFERROR(INDEX(Metrics!$C:$C,MATCH(A20,Metrics!$A:$A,0)),"ID not found")) | D20: =IF(B20="","",IFERROR(INDEX(Fields!$B:$B,MATCH(B20,Fields!$A:$A,0)),"ID not found")) | F20: =IF(A20="",0,COUNTIF('Metric to Product'!$A:$A,A20)) -> 0
C21: =IF(A21="","",IFERROR(INDEX(Metrics!$C:$C,MATCH(A21,Metrics!$A:$A,0)),"ID not found")) | D21: =IF(B21="","",IFERROR(INDEX(Fields!$B:$B,MATCH(B21,Fields!$A:$A,0)),"ID not found")) | F21: =IF(A21="",0,COUNTIF('Metric to Product'!$A:$A,A21)) -> 0
C22: =IF(A22="","",IFERROR(INDEX(Metrics!$C:$C,MATCH(A22,Metrics!$A:$A,0)),"ID not found")) | D22: =IF(B22="","",IFERROR(INDEX(Fields!$B:$B,MATCH(B22,Fields!$A:$A,0)),"ID not found")) | F22: =IF(A22="",0,COUNTIF('Metric to Product'!$A:$A,A22)) -> 0
C23: =IF(A23="","",IFERROR(INDEX(Metrics!$C:$C,MATCH(A23,Metrics!$A:$A,0)),"ID not found")) | D23: =IF(B23="","",IFERROR(INDEX(Fields!$B:$B,MATCH(B23,Fields!$A:$A,0)),"ID not found")) | F23: =IF(A23="",0,COUNTIF('Metric to Product'!$A:$A,A23)) -> 0
C24: =IF(A24="","",IFERROR(INDEX(Metrics!$C:$C,MATCH(A24,Metrics!$A:$A,0)),"ID not found")) | D24: =IF(B24="","",IFERROR(INDEX(Fields!$B:$B,MATCH(B24,Fields!$A:$A,0)),"ID not found")) | F24: =IF(A24="",0,COUNTIF('Metric to Product'!$A:$A,A24)) -> 0
C25: =IF(A25="","",IFERROR(INDEX(Metrics!$C:$C,MATCH(A25,Metrics!$A:$A,0)),"ID not found")) | D25: =IF(B25="","",IFERROR(INDEX(Fields!$B:$B,MATCH(B25,Fields!$A:$A,0)),"ID not found")) | F25: =IF(A25="",0,COUNTIF('Metric to Product'!$A:$A,A25)) -> 0
C26: =IF(A26="","",IFERROR(INDEX(Metrics!$C:$C,MATCH(A26,Metrics!$A:$A,0)),"ID not found")) | D26: =IF(B26="","",IFERROR(INDEX(Fields!$B:$B,MATCH(B26,Fields!$A:$A,0)),"ID not found")) | F26: =IF(A26="",0,COUNTIF('Metric to Product'!$A:$A,A26)) -> 0
... C804: =IF(A804="","",IFERROR(INDEX(Metrics!$C:$C,MATCH(A804,Metrics!$A:$A,0)),"ID not found")) | D804: =IF(B804="","",IFERROR(INDEX(Fields!$B:$B,MATCH(B804,Fields!$A:$A,0)),"ID not found")) | F804: =IF(A804="",0,COUNTIF('Metric to Product'!$A:$A,A804)) -> 0

Sheet Dimensions
A1: Dimensions
A2: The cuts people apply: org, level, location, recruiter. Each should have one agreed mapping source. Dimension usage shows who uses a different one.
A4: Dimension ID | B4: Dimension name | C4: Agreed source table ID | D4: Agreed source table | E4: Agreed source field | F4: Status | G4: Owner | H4: Usages | I4: Usages off the agreed source | J4: Notes | K4: Source (where found) | L4: Confidence | M4: Last verified | N4: Verified by
A5: D-001 | B5: Organisation | C5: T-001 | D5: =IF(C5="","",IFERROR(INDEX(Tables!$B:$B,MATCH(C5,Tables!$A:$A,0)),"ID not found")) -> HRDW requisition table | E5: Hiring org as recorded on the requisition | F5: Draft | H5: =IF(A5="","",COUNTIF('Dimension usage'!$B:$B,A5)) -> 2 | I5: =IF(A5="","",COUNTIFS('Dimension usage'!$B:$B,A5,'Dimension usage'!$G:$G,"No")) -> 1 | J5: Example. Two products cut org differently today; see Dimension usage. | L5: Human | M5: 2026-10-07
A6: D-002 | B6: Recruiter | C6: T-005 | D6: =IF(C6="","",IFERROR(INDEX(Tables!$B:$B,MATCH(C6,Tables!$A:$A,0)),"ID not found")) -> Recruiter scorecard base | E6: Credited recruiter (F-008) | F6: Draft | H6: =IF(A6="","",COUNTIF('Dimension usage'!$B:$B,A6)) -> 1 | I6: =IF(A6="","",COUNTIFS('Dimension usage'!$B:$B,A6,'Dimension usage'!$G:$G,"No")) -> 0 | J6: Example. Depends on the attribution rule being agreed. | L6: Human | M6: 2026-10-07
D7: =IF(C7="","",IFERROR(INDEX(Tables!$B:$B,MATCH(C7,Tables!$A:$A,0)),"ID not found")) | H7: =IF(A7="","",COUNTIF('Dimension usage'!$B:$B,A7)) | I7: =IF(A7="","",COUNTIFS('Dimension usage'!$B:$B,A7,'Dimension usage'!$G:$G,"No"))
D8: =IF(C8="","",IFERROR(INDEX(Tables!$B:$B,MATCH(C8,Tables!$A:$A,0)),"ID not found")) | H8: =IF(A8="","",COUNTIF('Dimension usage'!$B:$B,A8)) | I8: =IF(A8="","",COUNTIFS('Dimension usage'!$B:$B,A8,'Dimension usage'!$G:$G,"No"))
D9: =IF(C9="","",IFERROR(INDEX(Tables!$B:$B,MATCH(C9,Tables!$A:$A,0)),"ID not found")) | H9: =IF(A9="","",COUNTIF('Dimension usage'!$B:$B,A9)) | I9: =IF(A9="","",COUNTIFS('Dimension usage'!$B:$B,A9,'Dimension usage'!$G:$G,"No"))
D10: =IF(C10="","",IFERROR(INDEX(Tables!$B:$B,MATCH(C10,Tables!$A:$A,0)),"ID not found")) | H10: =IF(A10="","",COUNTIF('Dimension usage'!$B:$B,A10)) | I10: =IF(A10="","",COUNTIFS('Dimension usage'!$B:$B,A10,'Dimension usage'!$G:$G,"No"))
D11: =IF(C11="","",IFERROR(INDEX(Tables!$B:$B,MATCH(C11,Tables!$A:$A,0)),"ID not found")) | H11: =IF(A11="","",COUNTIF('Dimension usage'!$B:$B,A11)) | I11: =IF(A11="","",COUNTIFS('Dimension usage'!$B:$B,A11,'Dimension usage'!$G:$G,"No"))
D12: =IF(C12="","",IFERROR(INDEX(Tables!$B:$B,MATCH(C12,Tables!$A:$A,0)),"ID not found")) | H12: =IF(A12="","",COUNTIF('Dimension usage'!$B:$B,A12)) | I12: =IF(A12="","",COUNTIFS('Dimension usage'!$B:$B,A12,'Dimension usage'!$G:$G,"No"))
D13: =IF(C13="","",IFERROR(INDEX(Tables!$B:$B,MATCH(C13,Tables!$A:$A,0)),"ID not found")) | H13: =IF(A13="","",COUNTIF('Dimension usage'!$B:$B,A13)) | I13: =IF(A13="","",COUNTIFS('Dimension usage'!$B:$B,A13,'Dimension usage'!$G:$G,"No"))
D14: =IF(C14="","",IFERROR(INDEX(Tables!$B:$B,MATCH(C14,Tables!$A:$A,0)),"ID not found")) | H14: =IF(A14="","",COUNTIF('Dimension usage'!$B:$B,A14)) | I14: =IF(A14="","",COUNTIFS('Dimension usage'!$B:$B,A14,'Dimension usage'!$G:$G,"No"))
D15: =IF(C15="","",IFERROR(INDEX(Tables!$B:$B,MATCH(C15,Tables!$A:$A,0)),"ID not found")) | H15: =IF(A15="","",COUNTIF('Dimension usage'!$B:$B,A15)) | I15: =IF(A15="","",COUNTIFS('Dimension usage'!$B:$B,A15,'Dimension usage'!$G:$G,"No"))
D16: =IF(C16="","",IFERROR(INDEX(Tables!$B:$B,MATCH(C16,Tables!$A:$A,0)),"ID not found")) | H16: =IF(A16="","",COUNTIF('Dimension usage'!$B:$B,A16)) | I16: =IF(A16="","",COUNTIFS('Dimension usage'!$B:$B,A16,'Dimension usage'!$G:$G,"No"))
D17: =IF(C17="","",IFERROR(INDEX(Tables!$B:$B,MATCH(C17,Tables!$A:$A,0)),"ID not found")) | H17: =IF(A17="","",COUNTIF('Dimension usage'!$B:$B,A17)) | I17: =IF(A17="","",COUNTIFS('Dimension usage'!$B:$B,A17,'Dimension usage'!$G:$G,"No"))
D18: =IF(C18="","",IFERROR(INDEX(Tables!$B:$B,MATCH(C18,Tables!$A:$A,0)),"ID not found")) | H18: =IF(A18="","",COUNTIF('Dimension usage'!$B:$B,A18)) | I18: =IF(A18="","",COUNTIFS('Dimension usage'!$B:$B,A18,'Dimension usage'!$G:$G,"No"))
... D104: =IF(C104="","",IFERROR(INDEX(Tables!$B:$B,MATCH(C104,Tables!$A:$A,0)),"ID not found")) | H104: =IF(A104="","",COUNTIF('Dimension usage'!$B:$B,A104)) | I104: =IF(A104="","",COUNTIFS('Dimension usage'!$B:$B,A104,'Dimension usage'!$G:$G,"No"))

Sheet Dimension usage
A1: Dimension usage
A2: One row per product per dimension it cuts by, and the table the mapping actually comes from today.
A4: Product ID | B4: Dimension ID | C4: Product name | D4: Dimension name | E4: Mapping source table ID | F4: Mapping source table | G4: Matches agreed source? | H4: Notes | I4: Source (where found) | J4: Confidence | K4: h_off
A5: P-001 | B5: D-001 | C5: =IF(A5="","",IFERROR(INDEX(Products!$B:$B,MATCH(A5,Products!$A:$A,0)),"ID not found")) -> TA scorecard | D5: =IF(B5="","",IFERROR(INDEX(Dimensions!$B:$B,MATCH(B5,Dimensions!$A:$A,0)),"ID not found")) -> Organisation | E5: T-001 | F5: =IF(E5="","",IFERROR(INDEX(Tables!$B:$B,MATCH(E5,Tables!$A:$A,0)),"ID not found")) -> HRDW requisition table | G5: =IF(OR(B5="",E5=""),"",IF(IFERROR(INDEX(Dimensions!$C:$C,MATCH(B5,Dimensions!$A:$A,0)),"")="","No agreed source",IF(INDEX(Dimensions!$C:$C,MATCH(B5,Dimensions!$A:$A,0))=E5,"Yes","No"))) -> Yes | H5: Example. Scorecard uses hiring org from the requisition. | I5: scorecard.twb | J5: Found | K5: =IF(AND(A5<>"",G5="No"),COUNTIF($G$5:G5,"No"),"")
A6: P-002 | B6: D-001 | C6: =IF(A6="","",IFERROR(INDEX(Products!$B:$B,MATCH(A6,Products!$A:$A,0)),"ID not found")) -> Recruiter view | D6: =IF(B6="","",IFERROR(INDEX(Dimensions!$B:$B,MATCH(B6,Dimensions!$A:$A,0)),"ID not found")) -> Organisation | E6: T-005 | F6: =IF(E6="","",IFERROR(INDEX(Tables!$B:$B,MATCH(E6,Tables!$A:$A,0)),"ID not found")) -> Recruiter scorecard base | G6: =IF(OR(B6="",E6=""),"",IF(IFERROR(INDEX(Dimensions!$C:$C,MATCH(B6,Dimensions!$A:$A,0)),"")="","No agreed source",IF(INDEX(Dimensions!$C:$C,MATCH(B6,Dimensions!$A:$A,0))=E6,"Yes","No"))) -> No | H6: Example. Recruiter view uses the recruiting team mapping built into the recruiter base. Same filter label, different table. | I6: recruiter_view.twb | J6: Found | K6: =IF(AND(A6<>"",G6="No"),COUNTIF($G$5:G6,"No"),"") -> 1
A7: P-002 | B7: D-002 | C7: =IF(A7="","",IFERROR(INDEX(Products!$B:$B,MATCH(A7,Products!$A:$A,0)),"ID not found")) -> Recruiter view | D7: =IF(B7="","",IFERROR(INDEX(Dimensions!$B:$B,MATCH(B7,Dimensions!$A:$A,0)),"ID not found")) -> Recruiter | E7: T-005 | F7: =IF(E7="","",IFERROR(INDEX(Tables!$B:$B,MATCH(E7,Tables!$A:$A,0)),"ID not found")) -> Recruiter scorecard base | G7: =IF(OR(B7="",E7=""),"",IF(IFERROR(INDEX(Dimensions!$C:$C,MATCH(B7,Dimensions!$A:$A,0)),"")="","No agreed source",IF(INDEX(Dimensions!$C:$C,MATCH(B7,Dimensions!$A:$A,0))=E7,"Yes","No"))) -> Yes | H7: Example. | I7: recruiter_view.twb | J7: Found | K7: =IF(AND(A7<>"",G7="No"),COUNTIF($G$5:G7,"No"),"")
C8: =IF(A8="","",IFERROR(INDEX(Products!$B:$B,MATCH(A8,Products!$A:$A,0)),"ID not found")) | D8: =IF(B8="","",IFERROR(INDEX(Dimensions!$B:$B,MATCH(B8,Dimensions!$A:$A,0)),"ID not found")) | F8: =IF(E8="","",IFERROR(INDEX(Tables!$B:$B,MATCH(E8,Tables!$A:$A,0)),"ID not found")) | G8: =IF(OR(B8="",E8=""),"",IF(IFERROR(INDEX(Dimensions!$C:$C,MATCH(B8,Dimensions!$A:$A,0)),"")="","No agreed source",IF(INDEX(Dimensions!$C:$C,MATCH(B8,Dimensions!$A:$A,0))=E8,"Yes","No"))) | K8: =IF(AND(A8<>"",G8="No"),COUNTIF($G$5:G8,"No"),"")
C9: =IF(A9="","",IFERROR(INDEX(Products!$B:$B,MATCH(A9,Products!$A:$A,0)),"ID not found")) | D9: =IF(B9="","",IFERROR(INDEX(Dimensions!$B:$B,MATCH(B9,Dimensions!$A:$A,0)),"ID not found")) | F9: =IF(E9="","",IFERROR(INDEX(Tables!$B:$B,MATCH(E9,Tables!$A:$A,0)),"ID not found")) | G9: =IF(OR(B9="",E9=""),"",IF(IFERROR(INDEX(Dimensions!$C:$C,MATCH(B9,Dimensions!$A:$A,0)),"")="","No agreed source",IF(INDEX(Dimensions!$C:$C,MATCH(B9,Dimensions!$A:$A,0))=E9,"Yes","No"))) | K9: =IF(AND(A9<>"",G9="No"),COUNTIF($G$5:G9,"No"),"")
C10: =IF(A10="","",IFERROR(INDEX(Products!$B:$B,MATCH(A10,Products!$A:$A,0)),"ID not found")) | D10: =IF(B10="","",IFERROR(INDEX(Dimensions!$B:$B,MATCH(B10,Dimensions!$A:$A,0)),"ID not found")) | F10: =IF(E10="","",IFERROR(INDEX(Tables!$B:$B,MATCH(E10,Tables!$A:$A,0)),"ID not found")) | G10: =IF(OR(B10="",E10=""),"",IF(IFERROR(INDEX(Dimensions!$C:$C,MATCH(B10,Dimensions!$A:$A,0)),"")="","No agreed source",IF(INDEX(Dimensions!$C:$C,MATCH(B10,Dimensions!$A:$A,0))=E10,"Yes","No"))) | K10: =IF(AND(A10<>"",G10="No"),COUNTIF($G$5:G10,"No"),"")
C11: =IF(A11="","",IFERROR(INDEX(Products!$B:$B,MATCH(A11,Products!$A:$A,0)),"ID not found")) | D11: =IF(B11="","",IFERROR(INDEX(Dimensions!$B:$B,MATCH(B11,Dimensions!$A:$A,0)),"ID not found")) | F11: =IF(E11="","",IFERROR(INDEX(Tables!$B:$B,MATCH(E11,Tables!$A:$A,0)),"ID not found")) | G11: =IF(OR(B11="",E11=""),"",IF(IFERROR(INDEX(Dimensions!$C:$C,MATCH(B11,Dimensions!$A:$A,0)),"")="","No agreed source",IF(INDEX(Dimensions!$C:$C,MATCH(B11,Dimensions!$A:$A,0))=E11,"Yes","No"))) | K11: =IF(AND(A11<>"",G11="No"),COUNTIF($G$5:G11,"No"),"")
C12: =IF(A12="","",IFERROR(INDEX(Products!$B:$B,MATCH(A12,Products!$A:$A,0)),"ID not found")) | D12: =IF(B12="","",IFERROR(INDEX(Dimensions!$B:$B,MATCH(B12,Dimensions!$A:$A,0)),"ID not found")) | F12: =IF(E12="","",IFERROR(INDEX(Tables!$B:$B,MATCH(E12,Tables!$A:$A,0)),"ID not found")) | G12: =IF(OR(B12="",E12=""),"",IF(IFERROR(INDEX(Dimensions!$C:$C,MATCH(B12,Dimensions!$A:$A,0)),"")="","No agreed source",IF(INDEX(Dimensions!$C:$C,MATCH(B12,Dimensions!$A:$A,0))=E12,"Yes","No"))) | K12: =IF(AND(A12<>"",G12="No"),COUNTIF($G$5:G12,"No"),"")
C13: =IF(A13="","",IFERROR(INDEX(Products!$B:$B,MATCH(A13,Products!$A:$A,0)),"ID not found")) | D13: =IF(B13="","",IFERROR(INDEX(Dimensions!$B:$B,MATCH(B13,Dimensions!$A:$A,0)),"ID not found")) | F13: =IF(E13="","",IFERROR(INDEX(Tables!$B:$B,MATCH(E13,Tables!$A:$A,0)),"ID not found")) | G13: =IF(OR(B13="",E13=""),"",IF(IFERROR(INDEX(Dimensions!$C:$C,MATCH(B13,Dimensions!$A:$A,0)),"")="","No agreed source",IF(INDEX(Dimensions!$C:$C,MATCH(B13,Dimensions!$A:$A,0))=E13,"Yes","No"))) | K13: =IF(AND(A13<>"",G13="No"),COUNTIF($G$5:G13,"No"),"")
C14: =IF(A14="","",IFERROR(INDEX(Products!$B:$B,MATCH(A14,Products!$A:$A,0)),"ID not found")) | D14: =IF(B14="","",IFERROR(INDEX(Dimensions!$B:$B,MATCH(B14,Dimensions!$A:$A,0)),"ID not found")) | F14: =IF(E14="","",IFERROR(INDEX(Tables!$B:$B,MATCH(E14,Tables!$A:$A,0)),"ID not found")) | G14: =IF(OR(B14="",E14=""),"",IF(IFERROR(INDEX(Dimensions!$C:$C,MATCH(B14,Dimensions!$A:$A,0)),"")="","No agreed source",IF(INDEX(Dimensions!$C:$C,MATCH(B14,Dimensions!$A:$A,0))=E14,"Yes","No"))) | K14: =IF(AND(A14<>"",G14="No"),COUNTIF($G$5:G14,"No"),"")
C15: =IF(A15="","",IFERROR(INDEX(Products!$B:$B,MATCH(A15,Products!$A:$A,0)),"ID not found")) | D15: =IF(B15="","",IFERROR(INDEX(Dimensions!$B:$B,MATCH(B15,Dimensions!$A:$A,0)),"ID not found")) | F15: =IF(E15="","",IFERROR(INDEX(Tables!$B:$B,MATCH(E15,Tables!$A:$A,0)),"ID not found")) | G15: =IF(OR(B15="",E15=""),"",IF(IFERROR(INDEX(Dimensions!$C:$C,MATCH(B15,Dimensions!$A:$A,0)),"")="","No agreed source",IF(INDEX(Dimensions!$C:$C,MATCH(B15,Dimensions!$A:$A,0))=E15,"Yes","No"))) | K15: =IF(AND(A15<>"",G15="No"),COUNTIF($G$5:G15,"No"),"")
C16: =IF(A16="","",IFERROR(INDEX(Products!$B:$B,MATCH(A16,Products!$A:$A,0)),"ID not found")) | D16: =IF(B16="","",IFERROR(INDEX(Dimensions!$B:$B,MATCH(B16,Dimensions!$A:$A,0)),"ID not found")) | F16: =IF(E16="","",IFERROR(INDEX(Tables!$B:$B,MATCH(E16,Tables!$A:$A,0)),"ID not found")) | G16: =IF(OR(B16="",E16=""),"",IF(IFERROR(INDEX(Dimensions!$C:$C,MATCH(B16,Dimensions!$A:$A,0)),"")="","No agreed source",IF(INDEX(Dimensions!$C:$C,MATCH(B16,Dimensions!$A:$A,0))=E16,"Yes","No"))) | K16: =IF(AND(A16<>"",G16="No"),COUNTIF($G$5:G16,"No"),"")
C17: =IF(A17="","",IFERROR(INDEX(Products!$B:$B,MATCH(A17,Products!$A:$A,0)),"ID not found")) | D17: =IF(B17="","",IFERROR(INDEX(Dimensions!$B:$B,MATCH(B17,Dimensions!$A:$A,0)),"ID not found")) | F17: =IF(E17="","",IFERROR(INDEX(Tables!$B:$B,MATCH(E17,Tables!$A:$A,0)),"ID not found")) | G17: =IF(OR(B17="",E17=""),"",IF(IFERROR(INDEX(Dimensions!$C:$C,MATCH(B17,Dimensions!$A:$A,0)),"")="","No agreed source",IF(INDEX(Dimensions!$C:$C,MATCH(B17,Dimensions!$A:$A,0))=E17,"Yes","No"))) | K17: =IF(AND(A17<>"",G17="No"),COUNTIF($G$5:G17,"No"),"")
C18: =IF(A18="","",IFERROR(INDEX(Products!$B:$B,MATCH(A18,Products!$A:$A,0)),"ID not found")) | D18: =IF(B18="","",IFERROR(INDEX(Dimensions!$B:$B,MATCH(B18,Dimensions!$A:$A,0)),"ID not found")) | F18: =IF(E18="","",IFERROR(INDEX(Tables!$B:$B,MATCH(E18,Tables!$A:$A,0)),"ID not found")) | G18: =IF(OR(B18="",E18=""),"",IF(IFERROR(INDEX(Dimensions!$C:$C,MATCH(B18,Dimensions!$A:$A,0)),"")="","No agreed source",IF(INDEX(Dimensions!$C:$C,MATCH(B18,Dimensions!$A:$A,0))=E18,"Yes","No"))) | K18: =IF(AND(A18<>"",G18="No"),COUNTIF($G$5:G18,"No"),"")
C19: =IF(A19="","",IFERROR(INDEX(Products!$B:$B,MATCH(A19,Products!$A:$A,0)),"ID not found")) | D19: =IF(B19="","",IFERROR(INDEX(Dimensions!$B:$B,MATCH(B19,Dimensions!$A:$A,0)),"ID not found")) | F19: =IF(E19="","",IFERROR(INDEX(Tables!$B:$B,MATCH(E19,Tables!$A:$A,0)),"ID not found")) | G19: =IF(OR(B19="",E19=""),"",IF(IFERROR(INDEX(Dimensions!$C:$C,MATCH(B19,Dimensions!$A:$A,0)),"")="","No agreed source",IF(INDEX(Dimensions!$C:$C,MATCH(B19,Dimensions!$A:$A,0))=E19,"Yes","No"))) | K19: =IF(AND(A19<>"",G19="No"),COUNTIF($G$5:G19,"No"),"")
... C404: =IF(A404="","",IFERROR(INDEX(Products!$B:$B,MATCH(A404,Products!$A:$A,0)),"ID not found")) | D404: =IF(B404="","",IFERROR(INDEX(Dimensions!$B:$B,MATCH(B404,Dimensions!$A:$A,0)),"ID not found")) | F404: =IF(E404="","",IFERROR(INDEX(Tables!$B:$B,MATCH(E404,Tables!$A:$A,0)),"ID not found")) | G404: =IF(OR(B404="",E404=""),"",IF(IFERROR(INDEX(Dimensions!$C:$C,MATCH(B404,Dimensions!$A:$A,0)),"")="","No agreed source",IF(INDEX(Dimensions!$C:$C,MATCH(B404,Dimensions!$A:$A,0))=E404,"Yes","No"))) | K404: =IF(AND(A404<>"",G404="No"),COUNTIF($G$5:G404,"No"),"")

Sheet Decision log
A1: Decision log
A2: Every agreement, sign-off, retirement or rule change. Date, what was decided, who agreed. This is what stops decisions being relitigated.
A4: Date | B4: Decision | C4: Relates to (IDs) | D4: Decided by | E4: Agreed with | F4: Follow-up | G4: Notes
A5: 2026-10-07 | B5: Example: proposed that cycle time on the scorecard means approved to offer accepted; posted-to-start version to be renamed. | C5: M-001, M-002 | D5: Team Opportunity | E5: Pending TAAA | F5: Take to definitions session | G5: Example row.

Sheet Questions
A1: Questions
A2: Anything uncertain while filling the workbook goes here, never into a cell as a guess. Work the Open rows down.
A4: Question ID | B4: Raised on | C4: Sheet | D4: Row ID | E4: Question | F4: What was seen | G4: Status | H4: Answer | I4: Answered by | J4: Answered on
A5: Q-001 | B5: 2026-10-07 | C5: Metrics | D5: M-002 | E5: Example: the recruiter view calls this field Cycle Time but its formula runs posted date to start date. Is this meant to be the same metric as the scorecard's cycle time, or a different one? | F5: scorecard.twb: DATEDIFF(approved, accepted). recruiter_view.twb: DATEDIFF(posted, start). | G5: Open
