Workbook

Sheet README
A1: TA metric map: from metric to warehouse
A2: Fill four small lists. Joined together they show which fields and tables every metric and product depends on, and where the custom business rules live.
A4: How it fits together
A5: Products | B5: What people look at: the scorecard, dashboards, data pulls. One row per product.
A6: Metrics | B6: What is measured, with its definition and reporting population. One row per metric.
A7: Metric to Product | B7: Which products show which metrics. One row per metric per product.
A8: Tables | B8: Every table we read from (HRDW) or build (Team custom), and why it exists. One row per table.
A9: Fields | B9: The columns the metrics need, raw or derived. Derived fields carry the business rule in the Logic column. One row per field.
A10: Metric to Field | B10: Which fields each metric needs and the role each plays. One row per metric per field.
A11: Pattern | B11: Read-only. Formulas that count reuse: fields shared by many metrics, products that depend on a field, fields with data issues. This is where the architecture shows itself.
A13: How to fill it in
A14: 1 | B14: Add each product on Products. The ID (P-001, P-002 ...) is yours to assign; keep it unique.
A15: 2 | B15: Add each metric on Metrics. Write the definition in plain words, and name the reporting population (which reqs or hires are in scope).
A16: 3 | B16: On Metric to Product, add one row for every place the metric appears. Type the IDs; names fill in automatically.
A17: 4 | B17: List every table on Tables. HRDW rows are what we pull from. Team custom rows are what we build, with the reason it exists in Why it exists. If nobody can say why, mark Status = Retire.
A18: 5 | B18: Add every field a metric needs on Fields. Point each field at its Table ID. Raw fields come straight from a warehouse table: leave Derived from and Logic blank. Derived fields are built by our team: say which fields feed them and write the rule.
A19: 6 | B19: On Metric to Field, add one row per field each metric needs, and say what role it plays (start of clock, end of clock, exclusion, attribution, dimension).
A20: 7 | B20: For each field and table, set Target layer (where it belongs in the proposed architecture) and Disposition (what happens to it). This step turns the audit into the architecture decision.
A21: 8 | B21: Open Pattern. Nothing to fill; read it.
A23: Reading the pattern
A24: Shared fields | B24: A field used by many metrics is a candidate column for a certified table.
A25: Derived fields | B25: Every field with Logic filled in is part of the business layer. Filter Fields by Type = Derived to see the whole layer.
A26: Fields with issues | B26: A field marked Issue that many metrics depend on goes to the top of the audit list for upstream fixes.
A27: Architecture read-back | B27: Pattern counts fields and tables by Target layer and Disposition. That is the audit stated against the proposed architecture: how many rules move into the business layer, how many fixes go upstream, how many custom tables retire.
A28: Custom tables | B28: A Team custom table with few fields listed and few metrics depending on it is a candidate to retire or merge.
A30: Colour code
A31: Dark blue header | B31: Column names.
A32: Light blue cells | B32: IDs. Type them; they are the keys that join the sheets.
A33: Cream cells | B33: Free text for the team to fill in.
A34: Green text | B34: Formulas. Do not type over them.
A36: Column guide | B36: Every column on every sheet explained in plain words, with an example. Hover over any column header for the same note.
A37: Examples | B37: The first rows on each sheet are worked examples (cycle time and recruiter credit). Replace or extend them.

Sheet Column guide
A1: Column guide
A2: What every column means and how to fill it in. The same text appears as a note when you hover over a column header.
A4: Sheet | B4: Column | C4: What it means and how to fill it | D4: Example
A5: Products | B5: Product ID | C5: A short code you assign, P-001, P-002 and so on. It never changes once given. Other sheets use this code to refer to the product. | D5: P-001
A6: Products | B6: Product name | C6: The name people actually use for it. | D6: TA scorecard
A7: Products | B7: Type | C7: What kind of thing it is. Scorecard = the executive view. Dashboard = a Tableau or QuickSight view. Data pull = a recurring extract someone receives. Table = a table other teams read directly. | D7: Dashboard
A8: Products | B8: Tool | C8: Where it lives. | D8: Tableau
A9: Products | B9: Audience | C9: Who looks at it. | D9: Recruiting leads
A10: Products | B10: Owner | C10: Who is responsible for it on our team. | D10: A. Patel
A11: Products | B11: Notes | C11: Anything else worth knowing. | D11: Refreshes Mondays; often questioned
A12: Metrics | B12: Metric ID | C12: A short code you assign, M-001, M-002 and so on. If the same name is calculated two different ways today, give each version its own ID so they can be compared. | D12: M-001
A13: Metrics | B13: Metric name | C13: Plain name. If several versions exist, add the distinguishing part in brackets. | D13: Cycle time (approved to accepted)
A14: Metrics | B14: Definition (plain words) | C14: How the number is calculated, written so a recruiter would understand it. Say what starts the clock, what ends it, and any rule such as what happens on a transfer. No SQL. | D14: Calendar days from requisition approval to offer acceptance. Transfers keep the original approval date.
A15: Metrics | B15: Reporting population | C15: Who is counted and who is left out. This is usually where two versions of a metric differ. | D15: Standard requisitions only; evergreen and cancelled excluded
... A61: Metric to Field | B61: Products using this metric | C61: Filled automatically. | D61: 3
A62: Metric to Field | B62: Notes | C62: Anything else.

Sheet Products
A1: Products
A2: One row per product people look at. ID is the key used on Metric to Product.
A4: Product ID | B4: Product name | C4: Type | D4: Tool | E4: Audience | F4: Owner | G4: Notes
A5: P-001 | B5: TA scorecard | C5: Scorecard | D5: Tableau | E5: Executives | G5: Example row
A6: P-002 | B6: Recruiter view | C6: Dashboard | D6: Tableau | E6: Recruiting team | G6: Example row
A7: P-003 | B7: Hiring manager view | C7: Dashboard | D7: Tableau | E7: Hiring managers | G7: Example row

Sheet Metrics
A1: Metrics
A2: One row per metric. The definition is the agreed rule in plain words; the population says which reqs or hires are counted.
A4: Metric ID | B4: Metric name | C4: Definition (plain words) | D4: Reporting population | E4: Grain (one row per) | F4: Unit | G4: Status | H4: Owner | I4: Products using it | J4: Fields needed | K4: Notes
A5: M-001 | B5: Cycle time (approved to accepted) | C5: Calendar days from requisition approval to offer acceptance. If a requisition is transferred, the clock keeps running from the original approval date. | D5: Standard requisitions only. Evergreen and cancelled requisitions excluded. | E5: Opening | F5: Days | G5: Draft | I5: =IF(A5="","",COUNTIF('Metric to Product'!$A:$A,A5)) -> 3 | J5: =IF(A5="","",COUNTIF('Metric to Field'!$A:$A,A5)) -> 5 | K5: Example row. One of several clocks called cycle time today; this is the proposed scorecard version.
A6: M-002 | B6: Hires by recruiter | C6: Count of accepted offers credited to a recruiter. Credit goes to the recruiter who owned the requisition at the time of offer. | D6: All accepted offers in the period. | E6: Hire | F6: Count | G6: Draft | I6: =IF(A6="","",COUNTIF('Metric to Product'!$A:$A,A6)) -> 1 | J6: =IF(A6="","",COUNTIF('Metric to Field'!$A:$A,A6)) -> 2 | K6: Example row. Shows how an attribution rule becomes a derived field.
I7: =IF(A7="","",COUNTIF('Metric to Product'!$A:$A,A7)) | J7: =IF(A7="","",COUNTIF('Metric to Field'!$A:$A,A7))
I8: =IF(A8="","",COUNTIF('Metric to Product'!$A:$A,A8)) | J8: =IF(A8="","",COUNTIF('Metric to Field'!$A:$A,A8))
I9: =IF(A9="","",COUNTIF('Metric to Product'!$A:$A,A9)) | J9: =IF(A9="","",COUNTIF('Metric to Field'!$A:$A,A9))
I10: =IF(A10="","",COUNTIF('Metric to Product'!$A:$A,A10)) | J10: =IF(A10="","",COUNTIF('Metric to Field'!$A:$A,A10))
I11: =IF(A11="","",COUNTIF('Metric to Product'!$A:$A,A11)) | J11: =IF(A11="","",COUNTIF('Metric to Field'!$A:$A,A11))
I12: =IF(A12="","",COUNTIF('Metric to Product'!$A:$A,A12)) | J12: =IF(A12="","",COUNTIF('Metric to Field'!$A:$A,A12))
I13: =IF(A13="","",COUNTIF('Metric to Product'!$A:$A,A13)) | J13: =IF(A13="","",COUNTIF('Metric to Field'!$A:$A,A13))
I14: =IF(A14="","",COUNTIF('Metric to Product'!$A:$A,A14)) | J14: =IF(A14="","",COUNTIF('Metric to Field'!$A:$A,A14))
I15: =IF(A15="","",COUNTIF('Metric to Product'!$A:$A,A15)) | J15: =IF(A15="","",COUNTIF('Metric to Field'!$A:$A,A15))
I16: =IF(A16="","",COUNTIF('Metric to Product'!$A:$A,A16)) | J16: =IF(A16="","",COUNTIF('Metric to Field'!$A:$A,A16))
I17: =IF(A17="","",COUNTIF('Metric to Product'!$A:$A,A17)) | J17: =IF(A17="","",COUNTIF('Metric to Field'!$A:$A,A17))
I18: =IF(A18="","",COUNTIF('Metric to Product'!$A:$A,A18)) | J18: =IF(A18="","",COUNTIF('Metric to Field'!$A:$A,A18))
... I64: =IF(A64="","",COUNTIF('Metric to Product'!$A:$A,A64)) | J64: =IF(A64="","",COUNTIF('Metric to Field'!$A:$A,A64))

Sheet Metric to Product
A1: Metric to Product
A2: One row per place a metric appears. Type the two IDs; names fill in.
A4: Metric ID | B4: Product ID | C4: Metric name | D4: Product name | E4: How it is shown | F4: Notes
A5: M-001 | B5: P-001 | C5: =IF(A5="","",IFERROR(INDEX(Metrics!$B:$B,MATCH(A5,Metrics!$A:$A,0)),"ID not found")) -> Cycle time (approved to accepted) | D5: =IF(B5="","",IFERROR(INDEX(Products!$B:$B,MATCH(B5,Products!$A:$A,0)),"ID not found")) -> TA scorecard | E5: Headline tile, quarterly average | F5: Example row
A6: M-001 | B6: P-002 | C6: =IF(A6="","",IFERROR(INDEX(Metrics!$B:$B,MATCH(A6,Metrics!$A:$A,0)),"ID not found")) -> Cycle time (approved to accepted) | D6: =IF(B6="","",IFERROR(INDEX(Products!$B:$B,MATCH(B6,Products!$A:$A,0)),"ID not found")) -> Recruiter view | E6: Trend by recruiter, monthly | F6: Example row
A7: M-001 | B7: P-003 | C7: =IF(A7="","",IFERROR(INDEX(Metrics!$B:$B,MATCH(A7,Metrics!$A:$A,0)),"ID not found")) -> Cycle time (approved to accepted) | D7: =IF(B7="","",IFERROR(INDEX(Products!$B:$B,MATCH(B7,Products!$A:$A,0)),"ID not found")) -> Hiring manager view | E7: Average per hiring manager | F7: Example row
A8: M-002 | B8: P-002 | C8: =IF(A8="","",IFERROR(INDEX(Metrics!$B:$B,MATCH(A8,Metrics!$A:$A,0)),"ID not found")) -> Hires by recruiter | D8: =IF(B8="","",IFERROR(INDEX(Products!$B:$B,MATCH(B8,Products!$A:$A,0)),"ID not found")) -> Recruiter view | E8: Bar by recruiter, quarter to date | F8: Example row
C9: =IF(A9="","",IFERROR(INDEX(Metrics!$B:$B,MATCH(A9,Metrics!$A:$A,0)),"ID not found")) | D9: =IF(B9="","",IFERROR(INDEX(Products!$B:$B,MATCH(B9,Products!$A:$A,0)),"ID not found"))
C10: =IF(A10="","",IFERROR(INDEX(Metrics!$B:$B,MATCH(A10,Metrics!$A:$A,0)),"ID not found")) | D10: =IF(B10="","",IFERROR(INDEX(Products!$B:$B,MATCH(B10,Products!$A:$A,0)),"ID not found"))
C11: =IF(A11="","",IFERROR(INDEX(Metrics!$B:$B,MATCH(A11,Metrics!$A:$A,0)),"ID not found")) | D11: =IF(B11="","",IFERROR(INDEX(Products!$B:$B,MATCH(B11,Products!$A:$A,0)),"ID not found"))
C12: =IF(A12="","",IFERROR(INDEX(Metrics!$B:$B,MATCH(A12,Metrics!$A:$A,0)),"ID not found")) | D12: =IF(B12="","",IFERROR(INDEX(Products!$B:$B,MATCH(B12,Products!$A:$A,0)),"ID not found"))
C13: =IF(A13="","",IFERROR(INDEX(Metrics!$B:$B,MATCH(A13,Metrics!$A:$A,0)),"ID not found")) | D13: =IF(B13="","",IFERROR(INDEX(Products!$B:$B,MATCH(B13,Products!$A:$A,0)),"ID not found"))
C14: =IF(A14="","",IFERROR(INDEX(Metrics!$B:$B,MATCH(A14,Metrics!$A:$A,0)),"ID not found")) | D14: =IF(B14="","",IFERROR(INDEX(Products!$B:$B,MATCH(B14,Products!$A:$A,0)),"ID not found"))
C15: =IF(A15="","",IFERROR(INDEX(Metrics!$B:$B,MATCH(A15,Metrics!$A:$A,0)),"ID not found")) | D15: =IF(B15="","",IFERROR(INDEX(Products!$B:$B,MATCH(B15,Products!$A:$A,0)),"ID not found"))
C16: =IF(A16="","",IFERROR(INDEX(Metrics!$B:$B,MATCH(A16,Metrics!$A:$A,0)),"ID not found")) | D16: =IF(B16="","",IFERROR(INDEX(Products!$B:$B,MATCH(B16,Products!$A:$A,0)),"ID not found"))
C17: =IF(A17="","",IFERROR(INDEX(Metrics!$B:$B,MATCH(A17,Metrics!$A:$A,0)),"ID not found")) | D17: =IF(B17="","",IFERROR(INDEX(Products!$B:$B,MATCH(B17,Products!$A:$A,0)),"ID not found"))
C18: =IF(A18="","",IFERROR(INDEX(Metrics!$B:$B,MATCH(A18,Metrics!$A:$A,0)),"ID not found")) | D18: =IF(B18="","",IFERROR(INDEX(Products!$B:$B,MATCH(B18,Products!$A:$A,0)),"ID not found"))
C19: =IF(A19="","",IFERROR(INDEX(Metrics!$B:$B,MATCH(A19,Metrics!$A:$A,0)),"ID not found")) | D19: =IF(B19="","",IFERROR(INDEX(Products!$B:$B,MATCH(B19,Products!$A:$A,0)),"ID not found"))
C20: =IF(A20="","",IFERROR(INDEX(Metrics!$B:$B,MATCH(A20,Metrics!$A:$A,0)),"ID not found")) | D20: =IF(B20="","",IFERROR(INDEX(Products!$B:$B,MATCH(B20,Products!$A:$A,0)),"ID not found"))
... C64: =IF(A64="","",IFERROR(INDEX(Metrics!$B:$B,MATCH(A64,Metrics!$A:$A,0)),"ID not found")) | D64: =IF(B64="","",IFERROR(INDEX(Products!$B:$B,MATCH(B64,Products!$A:$A,0)),"ID not found"))

Sheet Tables
A1: Tables
A2: Every table we read from or build. HRDW rows are what we pull from; Team custom rows are what we build downstream, with the reason it exists.
A4: Table ID | B4: Table name | C4: Layer | D4: Built from (table IDs) | E4: Why it exists | F4: Owner | G4: Refresh | H4: Status | I4: Target layer | J4: Disposition | K4: Fields listed | L4: Metrics depending | M4: Notes
A5: T-001 | B5: HRDW requisition table | C5: HRDW | E5: Source of record for requisitions as delivered by the warehouse. | F5: PDP | G5: Daily | H5: Active | I5: Source tables | J5: Keep as is | K5: =IF(A5="","",COUNTIF(Fields!$D:$D,A5)) -> 3 | L5: =IF(A5="","",SUMIF(Fields!$D:$D,A5,Fields!$M:$M)) -> 3 | M5: Example row
A6: T-002 | B6: HRDW requisition history table | C6: HRDW | E6: Change history for requisitions: owner changes, transfers, status changes. | F6: PDP | G6: Daily | H6: Active | I6: Source tables | J6: Keep as is | K6: =IF(A6="","",COUNTIF(Fields!$D:$D,A6)) -> 2 | L6: =IF(A6="","",SUMIF(Fields!$D:$D,A6,Fields!$M:$M)) -> 0 | M6: Example row
A7: T-003 | B7: HRDW offer table | C7: HRDW | E7: Offers extended and their outcome. | F7: PDP | G7: Daily | H7: Active | I7: Source tables | J7: Keep as is | K7: =IF(A7="","",COUNTIF(Fields!$D:$D,A7)) -> 1 | L7: =IF(A7="","",SUMIF(Fields!$D:$D,A7,Fields!$M:$M)) -> 2 | M7: Example row
A8: T-004 | B8: Requisition linkage table | C8: Team custom | D8: T-002 | E8: Maps a transferred requisition to its original so clocks keep running from the original approval. Nothing upstream provides this. | F8: Team Opportunity | G8: Daily | H8: Active | I8: Business rules | J8: Keep as is | K8: =IF(A8="","",COUNTIF(Fields!$D:$D,A8)) -> 1 | L8: =IF(A8="","",SUMIF(Fields!$D:$D,A8,Fields!$M:$M)) -> 1 | M8: Example row. A rule no source system knows; stays with us.
A9: T-005 | B9: Certified application table | C9: Team custom | D9: T-001, T-002, T-003, T-004 | E9: One row per application with agreed attribution and exclusion flags applied, so every product reads the same rules. | F9: Team Opportunity | G9: Daily | H9: Proposed | I9: Certified tables | J9: Build | K9: =IF(A9="","",COUNTIF(Fields!$D:$D,A9)) -> 1 | L9: =IF(A9="","",SUMIF(Fields!$D:$D,A9,Fields!$M:$M)) -> 1 | M9: Example row
K10: =IF(A10="","",COUNTIF(Fields!$D:$D,A10)) | L10: =IF(A10="","",SUMIF(Fields!$D:$D,A10,Fields!$M:$M))
K11: =IF(A11="","",COUNTIF(Fields!$D:$D,A11)) | L11: =IF(A11="","",SUMIF(Fields!$D:$D,A11,Fields!$M:$M))
K12: =IF(A12="","",COUNTIF(Fields!$D:$D,A12)) | L12: =IF(A12="","",SUMIF(Fields!$D:$D,A12,Fields!$M:$M))
K13: =IF(A13="","",COUNTIF(Fields!$D:$D,A13)) | L13: =IF(A13="","",SUMIF(Fields!$D:$D,A13,Fields!$M:$M))
K14: =IF(A14="","",COUNTIF(Fields!$D:$D,A14)) | L14: =IF(A14="","",SUMIF(Fields!$D:$D,A14,Fields!$M:$M))
K15: =IF(A15="","",COUNTIF(Fields!$D:$D,A15)) | L15: =IF(A15="","",SUMIF(Fields!$D:$D,A15,Fields!$M:$M))
K16: =IF(A16="","",COUNTIF(Fields!$D:$D,A16)) | L16: =IF(A16="","",SUMIF(Fields!$D:$D,A16,Fields!$M:$M))
K17: =IF(A17="","",COUNTIF(Fields!$D:$D,A17)) | L17: =IF(A17="","",SUMIF(Fields!$D:$D,A17,Fields!$M:$M))
K18: =IF(A18="","",COUNTIF(Fields!$D:$D,A18)) | L18: =IF(A18="","",SUMIF(Fields!$D:$D,A18,Fields!$M:$M))
K19: =IF(A19="","",COUNTIF(Fields!$D:$D,A19)) | L19: =IF(A19="","",SUMIF(Fields!$D:$D,A19,Fields!$M:$M))
K20: =IF(A20="","",COUNTIF(Fields!$D:$D,A20)) | L20: =IF(A20="","",SUMIF(Fields!$D:$D,A20,Fields!$M:$M))
K21: =IF(A21="","",COUNTIF(Fields!$D:$D,A21)) | L21: =IF(A21="","",SUMIF(Fields!$D:$D,A21,Fields!$M:$M))
... K64: =IF(A64="","",COUNTIF(Fields!$D:$D,A64)) | L64: =IF(A64="","",SUMIF(Fields!$D:$D,A64,Fields!$M:$M))

Sheet Fields
A1: Fields
A2: One row per field the metrics need. Raw fields come straight from a table; Derived fields are built by our team and carry the rule in Logic. Every Derived row is part of the business layer.
A4: Field ID | B4: Field name | C4: Type | D4: Table ID | E4: Table name | F4: Layer | G4: Derived from (field IDs) | H4: Logic (the business rule) | I4: Data quality | J4: Target layer | K4: Disposition | L4: Issue / note | M4: Metrics using it | N4: Products reached
A5: F-001 | B5: Requisition approved date | C5: Raw | D5: T-001 | E5: =IF(D5="","",IFERROR(INDEX(Tables!$B:$B,MATCH(D5,Tables!$A:$A,0)),"ID not found")) -> HRDW requisition table | F5: =IF(D5="","",IFERROR(INDEX(Tables!$C:$C,MATCH(D5,Tables!$A:$A,0)),"")) -> HRDW | I5: Clean | J5: Source tables | K5: Keep as is | L5: Example row | M5: =IF(A5="","",COUNTIF('Metric to Field'!$B:$B,A5)) -> 1 | N5: =IF(A5="","",SUMPRODUCT(('Metric to Field'!$B$5:$B$64=A5)*('Metric to Field'!$F$5:$F$64))) -> 3
A6: F-002 | B6: Offer accepted date | C6: Raw | D6: T-003 | E6: =IF(D6="","",IFERROR(INDEX(Tables!$B:$B,MATCH(D6,Tables!$A:$A,0)),"ID not found")) -> HRDW offer table | F6: =IF(D6="","",IFERROR(INDEX(Tables!$C:$C,MATCH(D6,Tables!$A:$A,0)),"")) -> HRDW | I6: Clean | J6: Source tables | K6: Keep as is | L6: Example row | M6: =IF(A6="","",COUNTIF('Metric to Field'!$B:$B,A6)) -> 2 | N6: =IF(A6="","",SUMPRODUCT(('Metric to Field'!$B$5:$B$64=A6)*('Metric to Field'!$F$5:$F$64))) -> 4
A7: F-003 | B7: Evergreen flag | C7: Raw | D7: T-001 | E7: =IF(D7="","",IFERROR(INDEX(Tables!$B:$B,MATCH(D7,Tables!$A:$A,0)),"ID not found")) -> HRDW requisition table | F7: =IF(D7="","",IFERROR(INDEX(Tables!$C:$C,MATCH(D7,Tables!$A:$A,0)),"")) -> HRDW | I7: Issue | J7: Source tables | K7: Fix upstream | L7: Example row. Flag arrives blank for some requisitions; PDP to fix at source. | M7: =IF(A7="","",COUNTIF('Metric to Field'!$B:$B,A7)) -> 1 | N7: =IF(A7="","",SUMPRODUCT(('Metric to Field'!$B$5:$B$64=A7)*('Metric to Field'!$F$5:$F$64))) -> 3
A8: F-004 | B8: Requisition status | C8: Raw | D8: T-001 | E8: =IF(D8="","",IFERROR(INDEX(Tables!$B:$B,MATCH(D8,Tables!$A:$A,0)),"ID not found")) -> HRDW requisition table | F8: =IF(D8="","",IFERROR(INDEX(Tables!$C:$C,MATCH(D8,Tables!$A:$A,0)),"")) -> HRDW | I8: Clean | J8: Source tables | K8: Keep as is | L8: Example row | M8: =IF(A8="","",COUNTIF('Metric to Field'!$B:$B,A8)) -> 1 | N8: =IF(A8="","",SUMPRODUCT(('Metric to Field'!$B$5:$B$64=A8)*('Metric to Field'!$F$5:$F$64))) -> 3
A9: F-005 | B9: Original requisition link | C9: Derived | D9: T-004 | E9: =IF(D9="","",IFERROR(INDEX(Tables!$B:$B,MATCH(D9,Tables!$A:$A,0)),"ID not found")) -> Requisition linkage table | F9: =IF(D9="","",IFERROR(INDEX(Tables!$C:$C,MATCH(D9,Tables!$A:$A,0)),"")) -> Team custom | G9: F-006 | H9: When a requisition is transferred, map the new requisition ID to the original so the clock continues from the original approval date. | I9: Unknown | J9: Business rules | K9: Keep as is | L9: Example row. Does not exist upstream; only our team builds it. | M9: =IF(A9="","",COUNTIF('Metric to Field'!$B:$B,A9)) -> 1 | N9: =IF(A9="","",SUMPRODUCT(('Metric to Field'!$B$5:$B$64=A9)*('Metric to Field'!$F$5:$F$64))) -> 3
A10: F-006 | B10: Requisition transfer history | C10: Raw | D10: T-002 | E10: =IF(D10="","",IFERROR(INDEX(Tables!$B:$B,MATCH(D10,Tables!$A:$A,0)),"ID not found")) -> HRDW requisition history table | F10: =IF(D10="","",IFERROR(INDEX(Tables!$C:$C,MATCH(D10,Tables!$A:$A,0)),"")) -> HRDW | I10: Unknown | J10: Source tables | K10: Keep as is | L10: Example row | M10: =IF(A10="","",COUNTIF('Metric to Field'!$B:$B,A10)) -> 0 | N10: =IF(A10="","",SUMPRODUCT(('Metric to Field'!$B$5:$B$64=A10)*('Metric to Field'!$F$5:$F$64))) -> 0
A11: F-007 | B11: Requisition owner history | C11: Raw | D11: T-002 | E11: =IF(D11="","",IFERROR(INDEX(Tables!$B:$B,MATCH(D11,Tables!$A:$A,0)),"ID not found")) -> HRDW requisition history table | F11: =IF(D11="","",IFERROR(INDEX(Tables!$C:$C,MATCH(D11,Tables!$A:$A,0)),"")) -> HRDW | I11: Clean | J11: Source tables | K11: Keep as is | L11: Example row | M11: =IF(A11="","",COUNTIF('Metric to Field'!$B:$B,A11)) -> 0 | N11: =IF(A11="","",SUMPRODUCT(('Metric to Field'!$B$5:$B$64=A11)*('Metric to Field'!$F$5:$F$64))) -> 0
A12: F-008 | B12: Credited recruiter | C12: Derived | D12: T-005 | E12: =IF(D12="","",IFERROR(INDEX(Tables!$B:$B,MATCH(D12,Tables!$A:$A,0)),"ID not found")) -> Certified application table | F12: =IF(D12="","",IFERROR(INDEX(Tables!$C:$C,MATCH(D12,Tables!$A:$A,0)),"")) -> Team custom | G12: F-007, F-002 | H12: Recruiter who owned the requisition on the offer accepted date. Not the recruiter tagged on the requisition today. | I12: Unknown | J12: Business rules | K12: Move to business rules | L12: Example row. Computed inside a dashboard today; moves into the certified table once TAAA agrees the rule. | M12: =IF(A12="","",COUNTIF('Metric to Field'!$B:$B,A12)) -> 1 | N12: =IF(A12="","",SUMPRODUCT(('Metric to Field'!$B$5:$B$64=A12)*('Metric to Field'!$F$5:$F$64))) -> 1
E13: =IF(D13="","",IFERROR(INDEX(Tables!$B:$B,MATCH(D13,Tables!$A:$A,0)),"ID not found")) | F13: =IF(D13="","",IFERROR(INDEX(Tables!$C:$C,MATCH(D13,Tables!$A:$A,0)),"")) | M13: =IF(A13="","",COUNTIF('Metric to Field'!$B:$B,A13)) | N13: =IF(A13="","",SUMPRODUCT(('Metric to Field'!$B$5:$B$64=A13)*('Metric to Field'!$F$5:$F$64)))
E14: =IF(D14="","",IFERROR(INDEX(Tables!$B:$B,MATCH(D14,Tables!$A:$A,0)),"ID not found")) | F14: =IF(D14="","",IFERROR(INDEX(Tables!$C:$C,MATCH(D14,Tables!$A:$A,0)),"")) | M14: =IF(A14="","",COUNTIF('Metric to Field'!$B:$B,A14)) | N14: =IF(A14="","",SUMPRODUCT(('Metric to Field'!$B$5:$B$64=A14)*('Metric to Field'!$F$5:$F$64)))
E15: =IF(D15="","",IFERROR(INDEX(Tables!$B:$B,MATCH(D15,Tables!$A:$A,0)),"ID not found")) | F15: =IF(D15="","",IFERROR(INDEX(Tables!$C:$C,MATCH(D15,Tables!$A:$A,0)),"")) | M15: =IF(A15="","",COUNTIF('Metric to Field'!$B:$B,A15)) | N15: =IF(A15="","",SUMPRODUCT(('Metric to Field'!$B$5:$B$64=A15)*('Metric to Field'!$F$5:$F$64)))
E16: =IF(D16="","",IFERROR(INDEX(Tables!$B:$B,MATCH(D16,Tables!$A:$A,0)),"ID not found")) | F16: =IF(D16="","",IFERROR(INDEX(Tables!$C:$C,MATCH(D16,Tables!$A:$A,0)),"")) | M16: =IF(A16="","",COUNTIF('Metric to Field'!$B:$B,A16)) | N16: =IF(A16="","",SUMPRODUCT(('Metric to Field'!$B$5:$B$64=A16)*('Metric to Field'!$F$5:$F$64)))
E17: =IF(D17="","",IFERROR(INDEX(Tables!$B:$B,MATCH(D17,Tables!$A:$A,0)),"ID not found")) | F17: =IF(D17="","",IFERROR(INDEX(Tables!$C:$C,MATCH(D17,Tables!$A:$A,0)),"")) | M17: =IF(A17="","",COUNTIF('Metric to Field'!$B:$B,A17)) | N17: =IF(A17="","",SUMPRODUCT(('Metric to Field'!$B$5:$B$64=A17)*('Metric to Field'!$F$5:$F$64)))
E18: =IF(D18="","",IFERROR(INDEX(Tables!$B:$B,MATCH(D18,Tables!$A:$A,0)),"ID not found")) | F18: =IF(D18="","",IFERROR(INDEX(Tables!$C:$C,MATCH(D18,Tables!$A:$A,0)),"")) | M18: =IF(A18="","",COUNTIF('Metric to Field'!$B:$B,A18)) | N18: =IF(A18="","",SUMPRODUCT(('Metric to Field'!$B$5:$B$64=A18)*('Metric to Field'!$F$5:$F$64)))
E19: =IF(D19="","",IFERROR(INDEX(Tables!$B:$B,MATCH(D19,Tables!$A:$A,0)),"ID not found")) | F19: =IF(D19="","",IFERROR(INDEX(Tables!$C:$C,MATCH(D19,Tables!$A:$A,0)),"")) | M19: =IF(A19="","",COUNTIF('Metric to Field'!$B:$B,A19)) | N19: =IF(A19="","",SUMPRODUCT(('Metric to Field'!$B$5:$B$64=A19)*('Metric to Field'!$F$5:$F$64)))
E20: =IF(D20="","",IFERROR(INDEX(Tables!$B:$B,MATCH(D20,Tables!$A:$A,0)),"ID not found")) | F20: =IF(D20="","",IFERROR(INDEX(Tables!$C:$C,MATCH(D20,Tables!$A:$A,0)),"")) | M20: =IF(A20="","",COUNTIF('Metric to Field'!$B:$B,A20)) | N20: =IF(A20="","",SUMPRODUCT(('Metric to Field'!$B$5:$B$64=A20)*('Metric to Field'!$F$5:$F$64)))
E21: =IF(D21="","",IFERROR(INDEX(Tables!$B:$B,MATCH(D21,Tables!$A:$A,0)),"ID not found")) | F21: =IF(D21="","",IFERROR(INDEX(Tables!$C:$C,MATCH(D21,Tables!$A:$A,0)),"")) | M21: =IF(A21="","",COUNTIF('Metric to Field'!$B:$B,A21)) | N21: =IF(A21="","",SUMPRODUCT(('Metric to Field'!$B$5:$B$64=A21)*('Metric to Field'!$F$5:$F$64)))
E22: =IF(D22="","",IFERROR(INDEX(Tables!$B:$B,MATCH(D22,Tables!$A:$A,0)),"ID not found")) | F22: =IF(D22="","",IFERROR(INDEX(Tables!$C:$C,MATCH(D22,Tables!$A:$A,0)),"")) | M22: =IF(A22="","",COUNTIF('Metric to Field'!$B:$B,A22)) | N22: =IF(A22="","",SUMPRODUCT(('Metric to Field'!$B$5:$B$64=A22)*('Metric to Field'!$F$5:$F$64)))
E23: =IF(D23="","",IFERROR(INDEX(Tables!$B:$B,MATCH(D23,Tables!$A:$A,0)),"ID not found")) | F23: =IF(D23="","",IFERROR(INDEX(Tables!$C:$C,MATCH(D23,Tables!$A:$A,0)),"")) | M23: =IF(A23="","",COUNTIF('Metric to Field'!$B:$B,A23)) | N23: =IF(A23="","",SUMPRODUCT(('Metric to Field'!$B$5:$B$64=A23)*('Metric to Field'!$F$5:$F$64)))
E24: =IF(D24="","",IFERROR(INDEX(Tables!$B:$B,MATCH(D24,Tables!$A:$A,0)),"ID not found")) | F24: =IF(D24="","",IFERROR(INDEX(Tables!$C:$C,MATCH(D24,Tables!$A:$A,0)),"")) | M24: =IF(A24="","",COUNTIF('Metric to Field'!$B:$B,A24)) | N24: =IF(A24="","",SUMPRODUCT(('Metric to Field'!$B$5:$B$64=A24)*('Metric to Field'!$F$5:$F$64)))
... E64: =IF(D64="","",IFERROR(INDEX(Tables!$B:$B,MATCH(D64,Tables!$A:$A,0)),"ID not found")) | F64: =IF(D64="","",IFERROR(INDEX(Tables!$C:$C,MATCH(D64,Tables!$A:$A,0)),"")) | M64: =IF(A64="","",COUNTIF('Metric to Field'!$B:$B,A64)) | N64: =IF(A64="","",SUMPRODUCT(('Metric to Field'!$B$5:$B$64=A64)*('Metric to Field'!$F$5:$F$64)))

Sheet Metric to Field
A1: Metric to Field
A2: One row per field a metric needs. Type the two IDs; names fill in. Role says what the field does in the calculation.
A4: Metric ID | B4: Field ID | C4: Metric name | D4: Field name | E4: Role in the metric | F4: Products using this metric | G4: Notes
A5: M-001 | B5: F-001 | C5: =IF(A5="","",IFERROR(INDEX(Metrics!$B:$B,MATCH(A5,Metrics!$A:$A,0)),"ID not found")) -> Cycle time (approved to accepted) | D5: =IF(B5="","",IFERROR(INDEX(Fields!$B:$B,MATCH(B5,Fields!$A:$A,0)),"ID not found")) -> Requisition approved date | E5: Start of clock | F5: =IF(A5="",0,COUNTIF('Metric to Product'!$A:$A,A5)) -> 3 | G5: Example row
A6: M-001 | B6: F-002 | C6: =IF(A6="","",IFERROR(INDEX(Metrics!$B:$B,MATCH(A6,Metrics!$A:$A,0)),"ID not found")) -> Cycle time (approved to accepted) | D6: =IF(B6="","",IFERROR(INDEX(Fields!$B:$B,MATCH(B6,Fields!$A:$A,0)),"ID not found")) -> Offer accepted date | E6: End of clock | F6: =IF(A6="",0,COUNTIF('Metric to Product'!$A:$A,A6)) -> 3 | G6: Example row
A7: M-001 | B7: F-003 | C7: =IF(A7="","",IFERROR(INDEX(Metrics!$B:$B,MATCH(A7,Metrics!$A:$A,0)),"ID not found")) -> Cycle time (approved to accepted) | D7: =IF(B7="","",IFERROR(INDEX(Fields!$B:$B,MATCH(B7,Fields!$A:$A,0)),"ID not found")) -> Evergreen flag | E7: Exclusion | F7: =IF(A7="",0,COUNTIF('Metric to Product'!$A:$A,A7)) -> 3 | G7: Example row
A8: M-001 | B8: F-004 | C8: =IF(A8="","",IFERROR(INDEX(Metrics!$B:$B,MATCH(A8,Metrics!$A:$A,0)),"ID not found")) -> Cycle time (approved to accepted) | D8: =IF(B8="","",IFERROR(INDEX(Fields!$B:$B,MATCH(B8,Fields!$A:$A,0)),"ID not found")) -> Requisition status | E8: Exclusion | F8: =IF(A8="",0,COUNTIF('Metric to Product'!$A:$A,A8)) -> 3 | G8: Example row
A9: M-001 | B9: F-005 | C9: =IF(A9="","",IFERROR(INDEX(Metrics!$B:$B,MATCH(A9,Metrics!$A:$A,0)),"ID not found")) -> Cycle time (approved to accepted) | D9: =IF(B9="","",IFERROR(INDEX(Fields!$B:$B,MATCH(B9,Fields!$A:$A,0)),"ID not found")) -> Original requisition link | E9: Linkage | F9: =IF(A9="",0,COUNTIF('Metric to Product'!$A:$A,A9)) -> 3 | G9: Example row
A10: M-002 | B10: F-002 | C10: =IF(A10="","",IFERROR(INDEX(Metrics!$B:$B,MATCH(A10,Metrics!$A:$A,0)),"ID not found")) -> Hires by recruiter | D10: =IF(B10="","",IFERROR(INDEX(Fields!$B:$B,MATCH(B10,Fields!$A:$A,0)),"ID not found")) -> Offer accepted date | E10: Event counted | F10: =IF(A10="",0,COUNTIF('Metric to Product'!$A:$A,A10)) -> 1 | G10: Example row
A11: M-002 | B11: F-008 | C11: =IF(A11="","",IFERROR(INDEX(Metrics!$B:$B,MATCH(A11,Metrics!$A:$A,0)),"ID not found")) -> Hires by recruiter | D11: =IF(B11="","",IFERROR(INDEX(Fields!$B:$B,MATCH(B11,Fields!$A:$A,0)),"ID not found")) -> Credited recruiter | E11: Attribution | F11: =IF(A11="",0,COUNTIF('Metric to Product'!$A:$A,A11)) -> 1 | G11: Example row
C12: =IF(A12="","",IFERROR(INDEX(Metrics!$B:$B,MATCH(A12,Metrics!$A:$A,0)),"ID not found")) | D12: =IF(B12="","",IFERROR(INDEX(Fields!$B:$B,MATCH(B12,Fields!$A:$A,0)),"ID not found")) | F12: =IF(A12="",0,COUNTIF('Metric to Product'!$A:$A,A12)) -> 0
C13: =IF(A13="","",IFERROR(INDEX(Metrics!$B:$B,MATCH(A13,Metrics!$A:$A,0)),"ID not found")) | D13: =IF(B13="","",IFERROR(INDEX(Fields!$B:$B,MATCH(B13,Fields!$A:$A,0)),"ID not found")) | F13: =IF(A13="",0,COUNTIF('Metric to Product'!$A:$A,A13)) -> 0
C14: =IF(A14="","",IFERROR(INDEX(Metrics!$B:$B,MATCH(A14,Metrics!$A:$A,0)),"ID not found")) | D14: =IF(B14="","",IFERROR(INDEX(Fields!$B:$B,MATCH(B14,Fields!$A:$A,0)),"ID not found")) | F14: =IF(A14="",0,COUNTIF('Metric to Product'!$A:$A,A14)) -> 0
C15: =IF(A15="","",IFERROR(INDEX(Metrics!$B:$B,MATCH(A15,Metrics!$A:$A,0)),"ID not found")) | D15: =IF(B15="","",IFERROR(INDEX(Fields!$B:$B,MATCH(B15,Fields!$A:$A,0)),"ID not found")) | F15: =IF(A15="",0,COUNTIF('Metric to Product'!$A:$A,A15)) -> 0
C16: =IF(A16="","",IFERROR(INDEX(Metrics!$B:$B,MATCH(A16,Metrics!$A:$A,0)),"ID not found")) | D16: =IF(B16="","",IFERROR(INDEX(Fields!$B:$B,MATCH(B16,Fields!$A:$A,0)),"ID not found")) | F16: =IF(A16="",0,COUNTIF('Metric to Product'!$A:$A,A16)) -> 0
C17: =IF(A17="","",IFERROR(INDEX(Metrics!$B:$B,MATCH(A17,Metrics!$A:$A,0)),"ID not found")) | D17: =IF(B17="","",IFERROR(INDEX(Fields!$B:$B,MATCH(B17,Fields!$A:$A,0)),"ID not found")) | F17: =IF(A17="",0,COUNTIF('Metric to Product'!$A:$A,A17)) -> 0
C18: =IF(A18="","",IFERROR(INDEX(Metrics!$B:$B,MATCH(A18,Metrics!$A:$A,0)),"ID not found")) | D18: =IF(B18="","",IFERROR(INDEX(Fields!$B:$B,MATCH(B18,Fields!$A:$A,0)),"ID not found")) | F18: =IF(A18="",0,COUNTIF('Metric to Product'!$A:$A,A18)) -> 0
C19: =IF(A19="","",IFERROR(INDEX(Metrics!$B:$B,MATCH(A19,Metrics!$A:$A,0)),"ID not found")) | D19: =IF(B19="","",IFERROR(INDEX(Fields!$B:$B,MATCH(B19,Fields!$A:$A,0)),"ID not found")) | F19: =IF(A19="",0,COUNTIF('Metric to Product'!$A:$A,A19)) -> 0
C20: =IF(A20="","",IFERROR(INDEX(Metrics!$B:$B,MATCH(A20,Metrics!$A:$A,0)),"ID not found")) | D20: =IF(B20="","",IFERROR(INDEX(Fields!$B:$B,MATCH(B20,Fields!$A:$A,0)),"ID not found")) | F20: =IF(A20="",0,COUNTIF('Metric to Product'!$A:$A,A20)) -> 0
C21: =IF(A21="","",IFERROR(INDEX(Metrics!$B:$B,MATCH(A21,Metrics!$A:$A,0)),"ID not found")) | D21: =IF(B21="","",IFERROR(INDEX(Fields!$B:$B,MATCH(B21,Fields!$A:$A,0)),"ID not found")) | F21: =IF(A21="",0,COUNTIF('Metric to Product'!$A:$A,A21)) -> 0
C22: =IF(A22="","",IFERROR(INDEX(Metrics!$B:$B,MATCH(A22,Metrics!$A:$A,0)),"ID not found")) | D22: =IF(B22="","",IFERROR(INDEX(Fields!$B:$B,MATCH(B22,Fields!$A:$A,0)),"ID not found")) | F22: =IF(A22="",0,COUNTIF('Metric to Product'!$A:$A,A22)) -> 0
C23: =IF(A23="","",IFERROR(INDEX(Metrics!$B:$B,MATCH(A23,Metrics!$A:$A,0)),"ID not found")) | D23: =IF(B23="","",IFERROR(INDEX(Fields!$B:$B,MATCH(B23,Fields!$A:$A,0)),"ID not found")) | F23: =IF(A23="",0,COUNTIF('Metric to Product'!$A:$A,A23)) -> 0
... C64: =IF(A64="","",IFERROR(INDEX(Metrics!$B:$B,MATCH(A64,Metrics!$A:$A,0)),"ID not found")) | D64: =IF(B64="","",IFERROR(INDEX(Fields!$B:$B,MATCH(B64,Fields!$A:$A,0)),"ID not found")) | F64: =IF(A64="",0,COUNTIF('Metric to Product'!$A:$A,A64)) -> 0

Sheet Pattern
A1: Pattern
A2: Read-only. What the three lists say when joined. Sort any table by its count column to see what matters most.
A4: Metrics | B4: Products | C4: Tables | D4: Custom tables | E4: Fields | F4: Derived fields | G4: Fields with issues | H4: Metrics not yet agreed
A5: =COUNTA(Metrics!A5:A64) -> 2 | B5: =COUNTA(Products!A5:A64) -> 3 | C5: =COUNTA(Tables!A5:A64) -> 5 | D5: =COUNTIF(Tables!C5:C64,"Team custom") -> 2 | E5: =COUNTA(Fields!A5:A64) -> 8 | F5: =COUNTIF(Fields!C5:C64,"Derived") -> 2 | G5: =COUNTIF(Fields!I5:I64,"Issue") -> 1 | H5: =COUNTIF(Metrics!G5:G64,"Draft")+COUNTIF(Metrics!G5:G64,"Under review") -> 2
A7: Architecture read-back | D7: Where fields and tables land in the proposed architecture, and what happens to each.
A8: Target layer | B8: Fields | C8: Tables | E8: Disposition | F8: Fields | G8: Tables
A9: Source tables | B9: =COUNTIF(Fields!$J$5:$J$64,A9) -> 6 | C9: =COUNTIF(Tables!$I$5:$I$64,A9) -> 3 | E9: Keep as is | F9: =COUNTIF(Fields!$K$5:$K$64,E9) -> 6 | G9: =COUNTIF(Tables!$J$5:$J$64,E9) -> 4
A10: Business rules | B10: =COUNTIF(Fields!$J$5:$J$64,A10) -> 2 | C10: =COUNTIF(Tables!$I$5:$I$64,A10) -> 1 | E10: Build | F10: =COUNTIF(Fields!$K$5:$K$64,E10) -> 0 | G10: =COUNTIF(Tables!$J$5:$J$64,E10) -> 1
A11: Certified tables | B11: =COUNTIF(Fields!$J$5:$J$64,A11) -> 0 | C11: =COUNTIF(Tables!$I$5:$I$64,A11) -> 1 | E11: Fix upstream | F11: =COUNTIF(Fields!$K$5:$K$64,E11) -> 1 | G11: =COUNTIF(Tables!$J$5:$J$64,E11) -> 0
A12: Reporting | B12: =COUNTIF(Fields!$J$5:$J$64,A12) -> 0 | C12: =COUNTIF(Tables!$I$5:$I$64,A12) -> 0 | E12: Move to business rules | F12: =COUNTIF(Fields!$K$5:$K$64,E12) -> 1 | G12: =COUNTIF(Tables!$J$5:$J$64,E12) -> 0
A13: Not yet assigned | B13: =COUNTA(Fields!$A$5:$A$64)-SUM(B9:B12) -> 0 | C13: =COUNTA(Tables!$A$5:$A$64)-SUM(C9:C12) -> 0 | E13: Merge into certified table | F13: =COUNTIF(Fields!$K$5:$K$64,E13) -> 0 | G13: =COUNTIF(Tables!$J$5:$J$64,E13) -> 0
E14: Retire | F14: =COUNTIF(Fields!$K$5:$K$64,E14) -> 0 | G14: =COUNTIF(Tables!$J$5:$J$64,E14) -> 0
E15: Undecided | F15: =COUNTIF(Fields!$K$5:$K$64,E15) -> 0 | G15: =COUNTIF(Tables!$J$5:$J$64,E15) -> 0
A18: Fields: how widely each is reused | K18: Metrics: reach and readiness | S18: Tables: what depends on each
A19: Field ID | B19: Field name | C19: Type | D19: Layer today | E19: Target layer | F19: Disposition | G19: Data quality | H19: Metrics using it | I19: Products reached | K19: Metric ID | L19: Metric name | M19: Status | N19: Products | O19: Fields | P19: Fields with issues | S19: Table ID | T19: Table name | U19: Layer | V19: Target layer | W19: Disposition | X19: Fields | Y19: Metrics depending
A20: =IF(Fields!A5="","",Fields!A5) -> F-001 | B20: =IF(Fields!A5="","",Fields!B5) -> Requisition approved date | C20: =IF(Fields!A5="","",Fields!C5) -> Raw | D20: =IF(Fields!A5="","",Fields!F5) -> HRDW | E20: =IF(Fields!A5="","",Fields!J5) -> Source tables | F20: =IF(Fields!A5="","",Fields!K5) -> Keep as is | G20: =IF(Fields!A5="","",Fields!I5) -> Clean | H20: =IF(Fields!A5="","",Fields!M5) -> 1 | I20: =IF(Fields!A5="","",Fields!N5) -> 3 | K20: =IF(Metrics!A5="","",Metrics!A5) -> M-001 | L20: =IF(Metrics!A5="","",Metrics!B5) -> Cycle time (approved to accepted) | M20: =IF(Metrics!A5="","",Metrics!G5) -> Draft | N20: =IF(Metrics!A5="","",Metrics!I5) -> 3 | O20: =IF(Metrics!A5="","",Metrics!J5) -> 5 | P20: =IF(Metrics!A5="","",SUMPRODUCT(('Metric to Field'!$A$5:$A$64=Metrics!A5)*(IFERROR(INDEX(Fields!$I$5:$I$64,MATCH('Metric to Field'!$B$5:$B$64,Fields!$A$5:$A$64,0)),"")="Issue"))) -> 1 | S20: =IF(Tables!A5="","",Tables!A5) -> T-001 | T20: =IF(Tables!A5="","",Tables!B5) -> HRDW requisition table | U20: =IF(Tables!A5="","",Tables!C5) -> HRDW | V20: =IF(Tables!A5="","",Tables!I5) -> Source tables | W20: =IF(Tables!A5="","",Tables!J5) -> Keep as is | X20: =IF(Tables!A5="","",Tables!K5) -> 3 | Y20: =IF(Tables!A5="","",Tables!L5) -> 3
A21: =IF(Fields!A6="","",Fields!A6) -> F-002 | B21: =IF(Fields!A6="","",Fields!B6) -> Offer accepted date | C21: =IF(Fields!A6="","",Fields!C6) -> Raw | D21: =IF(Fields!A6="","",Fields!F6) -> HRDW | E21: =IF(Fields!A6="","",Fields!J6) -> Source tables | F21: =IF(Fields!A6="","",Fields!K6) -> Keep as is | G21: =IF(Fields!A6="","",Fields!I6) -> Clean | H21: =IF(Fields!A6="","",Fields!M6) -> 2 | I21: =IF(Fields!A6="","",Fields!N6) -> 4 | K21: =IF(Metrics!A6="","",Metrics!A6) -> M-002 | L21: =IF(Metrics!A6="","",Metrics!B6) -> Hires by recruiter | M21: =IF(Metrics!A6="","",Metrics!G6) -> Draft | N21: =IF(Metrics!A6="","",Metrics!I6) -> 1 | O21: =IF(Metrics!A6="","",Metrics!J6) -> 2 | P21: =IF(Metrics!A6="","",SUMPRODUCT(('Metric to Field'!$A$5:$A$64=Metrics!A6)*(IFERROR(INDEX(Fields!$I$5:$I$64,MATCH('Metric to Field'!$B$5:$B$64,Fields!$A$5:$A$64,0)),"")="Issue"))) -> 0 | S21: =IF(Tables!A6="","",Tables!A6) -> T-002 | T21: =IF(Tables!A6="","",Tables!B6) -> HRDW requisition history table | U21: =IF(Tables!A6="","",Tables!C6) -> HRDW | V21: =IF(Tables!A6="","",Tables!I6) -> Source tables | W21: =IF(Tables!A6="","",Tables!J6) -> Keep as is | X21: =IF(Tables!A6="","",Tables!K6) -> 2 | Y21: =IF(Tables!A6="","",Tables!L6) -> 0
A22: =IF(Fields!A7="","",Fields!A7) -> F-003 | B22: =IF(Fields!A7="","",Fields!B7) -> Evergreen flag | C22: =IF(Fields!A7="","",Fields!C7) -> Raw | D22: =IF(Fields!A7="","",Fields!F7) -> HRDW | E22: =IF(Fields!A7="","",Fields!J7) -> Source tables | F22: =IF(Fields!A7="","",Fields!K7) -> Fix upstream | G22: =IF(Fields!A7="","",Fields!I7) -> Issue | H22: =IF(Fields!A7="","",Fields!M7) -> 1 | I22: =IF(Fields!A7="","",Fields!N7) -> 3 | K22: =IF(Metrics!A7="","",Metrics!A7) | L22: =IF(Metrics!A7="","",Metrics!B7) | M22: =IF(Metrics!A7="","",Metrics!G7) | N22: =IF(Metrics!A7="","",Metrics!I7) | O22: =IF(Metrics!A7="","",Metrics!J7) | P22: =IF(Metrics!A7="","",SUMPRODUCT(('Metric to Field'!$A$5:$A$64=Metrics!A7)*(IFERROR(INDEX(Fields!$I$5:$I$64,MATCH('Metric to Field'!$B$5:$B$64,Fields!$A$5:$A$64,0)),"")="Issue"))) | S22: =IF(Tables!A7="","",Tables!A7) -> T-003 | T22: =IF(Tables!A7="","",Tables!B7) -> HRDW offer table | U22: =IF(Tables!A7="","",Tables!C7) -> HRDW | V22: =IF(Tables!A7="","",Tables!I7) -> Source tables | W22: =IF(Tables!A7="","",Tables!J7) -> Keep as is | X22: =IF(Tables!A7="","",Tables!K7) -> 1 | Y22: =IF(Tables!A7="","",Tables!L7) -> 2
A23: =IF(Fields!A8="","",Fields!A8) -> F-004 | B23: =IF(Fields!A8="","",Fields!B8) -> Requisition status | C23: =IF(Fields!A8="","",Fields!C8) -> Raw | D23: =IF(Fields!A8="","",Fields!F8) -> HRDW | E23: =IF(Fields!A8="","",Fields!J8) -> Source tables | F23: =IF(Fields!A8="","",Fields!K8) -> Keep as is | G23: =IF(Fields!A8="","",Fields!I8) -> Clean | H23: =IF(Fields!A8="","",Fields!M8) -> 1 | I23: =IF(Fields!A8="","",Fields!N8) -> 3 | K23: =IF(Metrics!A8="","",Metrics!A8) | L23: =IF(Metrics!A8="","",Metrics!B8) | M23: =IF(Metrics!A8="","",Metrics!G8) | N23: =IF(Metrics!A8="","",Metrics!I8) | O23: =IF(Metrics!A8="","",Metrics!J8) | P23: =IF(Metrics!A8="","",SUMPRODUCT(('Metric to Field'!$A$5:$A$64=Metrics!A8)*(IFERROR(INDEX(Fields!$I$5:$I$64,MATCH('Metric to Field'!$B$5:$B$64,Fields!$A$5:$A$64,0)),"")="Issue"))) | S23: =IF(Tables!A8="","",Tables!A8) -> T-004 | T23: =IF(Tables!A8="","",Tables!B8) -> Requisition linkage table | U23: =IF(Tables!A8="","",Tables!C8) -> Team custom | V23: =IF(Tables!A8="","",Tables!I8) -> Business rules | W23: =IF(Tables!A8="","",Tables!J8) -> Keep as is | X23: =IF(Tables!A8="","",Tables!K8) -> 1 | Y23: =IF(Tables!A8="","",Tables!L8) -> 1
A24: =IF(Fields!A9="","",Fields!A9) -> F-005 | B24: =IF(Fields!A9="","",Fields!B9) -> Original requisition link | C24: =IF(Fields!A9="","",Fields!C9) -> Derived | D24: =IF(Fields!A9="","",Fields!F9) -> Team custom | E24: =IF(Fields!A9="","",Fields!J9) -> Business rules | F24: =IF(Fields!A9="","",Fields!K9) -> Keep as is | G24: =IF(Fields!A9="","",Fields!I9) -> Unknown | H24: =IF(Fields!A9="","",Fields!M9) -> 1 | I24: =IF(Fields!A9="","",Fields!N9) -> 3 | K24: =IF(Metrics!A9="","",Metrics!A9) | L24: =IF(Metrics!A9="","",Metrics!B9) | M24: =IF(Metrics!A9="","",Metrics!G9) | N24: =IF(Metrics!A9="","",Metrics!I9) | O24: =IF(Metrics!A9="","",Metrics!J9) | P24: =IF(Metrics!A9="","",SUMPRODUCT(('Metric to Field'!$A$5:$A$64=Metrics!A9)*(IFERROR(INDEX(Fields!$I$5:$I$64,MATCH('Metric to Field'!$B$5:$B$64,Fields!$A$5:$A$64,0)),"")="Issue"))) | S24: =IF(Tables!A9="","",Tables!A9) -> T-005 | T24: =IF(Tables!A9="","",Tables!B9) -> Certified application table | U24: =IF(Tables!A9="","",Tables!C9) -> Team custom | V24: =IF(Tables!A9="","",Tables!I9) -> Certified tables | W24: =IF(Tables!A9="","",Tables!J9) -> Build | X24: =IF(Tables!A9="","",Tables!K9) -> 1 | Y24: =IF(Tables!A9="","",Tables!L9) -> 1
A25: =IF(Fields!A10="","",Fields!A10) -> F-006 | B25: =IF(Fields!A10="","",Fields!B10) -> Requisition transfer history | C25: =IF(Fields!A10="","",Fields!C10) -> Raw | D25: =IF(Fields!A10="","",Fields!F10) -> HRDW | E25: =IF(Fields!A10="","",Fields!J10) -> Source tables | F25: =IF(Fields!A10="","",Fields!K10) -> Keep as is | G25: =IF(Fields!A10="","",Fields!I10) -> Unknown | H25: =IF(Fields!A10="","",Fields!M10) -> 0 | I25: =IF(Fields!A10="","",Fields!N10) -> 0 | K25: =IF(Metrics!A10="","",Metrics!A10) | L25: =IF(Metrics!A10="","",Metrics!B10) | M25: =IF(Metrics!A10="","",Metrics!G10) | N25: =IF(Metrics!A10="","",Metrics!I10) | O25: =IF(Metrics!A10="","",Metrics!J10) | P25: =IF(Metrics!A10="","",SUMPRODUCT(('Metric to Field'!$A$5:$A$64=Metrics!A10)*(IFERROR(INDEX(Fields!$I$5:$I$64,MATCH('Metric to Field'!$B$5:$B$64,Fields!$A$5:$A$64,0)),"")="Issue"))) | S25: =IF(Tables!A10="","",Tables!A10) | T25: =IF(Tables!A10="","",Tables!B10) | U25: =IF(Tables!A10="","",Tables!C10) | V25: =IF(Tables!A10="","",Tables!I10) | W25: =IF(Tables!A10="","",Tables!J10) | X25: =IF(Tables!A10="","",Tables!K10) | Y25: =IF(Tables!A10="","",Tables!L10)
A26: =IF(Fields!A11="","",Fields!A11) -> F-007 | B26: =IF(Fields!A11="","",Fields!B11) -> Requisition owner history | C26: =IF(Fields!A11="","",Fields!C11) -> Raw | D26: =IF(Fields!A11="","",Fields!F11) -> HRDW | E26: =IF(Fields!A11="","",Fields!J11) -> Source tables | F26: =IF(Fields!A11="","",Fields!K11) -> Keep as is | G26: =IF(Fields!A11="","",Fields!I11) -> Clean | H26: =IF(Fields!A11="","",Fields!M11) -> 0 | I26: =IF(Fields!A11="","",Fields!N11) -> 0 | K26: =IF(Metrics!A11="","",Metrics!A11) | L26: =IF(Metrics!A11="","",Metrics!B11) | M26: =IF(Metrics!A11="","",Metrics!G11) | N26: =IF(Metrics!A11="","",Metrics!I11) | O26: =IF(Metrics!A11="","",Metrics!J11) | P26: =IF(Metrics!A11="","",SUMPRODUCT(('Metric to Field'!$A$5:$A$64=Metrics!A11)*(IFERROR(INDEX(Fields!$I$5:$I$64,MATCH('Metric to Field'!$B$5:$B$64,Fields!$A$5:$A$64,0)),"")="Issue"))) | S26: =IF(Tables!A11="","",Tables!A11) | T26: =IF(Tables!A11="","",Tables!B11) | U26: =IF(Tables!A11="","",Tables!C11) | V26: =IF(Tables!A11="","",Tables!I11) | W26: =IF(Tables!A11="","",Tables!J11) | X26: =IF(Tables!A11="","",Tables!K11) | Y26: =IF(Tables!A11="","",Tables!L11)
A27: =IF(Fields!A12="","",Fields!A12) -> F-008 | B27: =IF(Fields!A12="","",Fields!B12) -> Credited recruiter | C27: =IF(Fields!A12="","",Fields!C12) -> Derived | D27: =IF(Fields!A12="","",Fields!F12) -> Team custom | E27: =IF(Fields!A12="","",Fields!J12) -> Business rules | F27: =IF(Fields!A12="","",Fields!K12) -> Move to business rules | G27: =IF(Fields!A12="","",Fields!I12) -> Unknown | H27: =IF(Fields!A12="","",Fields!M12) -> 1 | I27: =IF(Fields!A12="","",Fields!N12) -> 1 | K27: =IF(Metrics!A12="","",Metrics!A12) | L27: =IF(Metrics!A12="","",Metrics!B12) | M27: =IF(Metrics!A12="","",Metrics!G12) | N27: =IF(Metrics!A12="","",Metrics!I12) | O27: =IF(Metrics!A12="","",Metrics!J12) | P27: =IF(Metrics!A12="","",SUMPRODUCT(('Metric to Field'!$A$5:$A$64=Metrics!A12)*(IFERROR(INDEX(Fields!$I$5:$I$64,MATCH('Metric to Field'!$B$5:$B$64,Fields!$A$5:$A$64,0)),"")="Issue"))) | S27: =IF(Tables!A12="","",Tables!A12) | T27: =IF(Tables!A12="","",Tables!B12) | U27: =IF(Tables!A12="","",Tables!C12) | V27: =IF(Tables!A12="","",Tables!I12) | W27: =IF(Tables!A12="","",Tables!J12) | X27: =IF(Tables!A12="","",Tables!K12) | Y27: =IF(Tables!A12="","",Tables!L12)
A28: =IF(Fields!A13="","",Fields!A13) | B28: =IF(Fields!A13="","",Fields!B13) | C28: =IF(Fields!A13="","",Fields!C13) | D28: =IF(Fields!A13="","",Fields!F13) | E28: =IF(Fields!A13="","",Fields!J13) | F28: =IF(Fields!A13="","",Fields!K13) | G28: =IF(Fields!A13="","",Fields!I13) | H28: =IF(Fields!A13="","",Fields!M13) | I28: =IF(Fields!A13="","",Fields!N13) | K28: =IF(Metrics!A13="","",Metrics!A13) | L28: =IF(Metrics!A13="","",Metrics!B13) | M28: =IF(Metrics!A13="","",Metrics!G13) | N28: =IF(Metrics!A13="","",Metrics!I13) | O28: =IF(Metrics!A13="","",Metrics!J13) | P28: =IF(Metrics!A13="","",SUMPRODUCT(('Metric to Field'!$A$5:$A$64=Metrics!A13)*(IFERROR(INDEX(Fields!$I$5:$I$64,MATCH('Metric to Field'!$B$5:$B$64,Fields!$A$5:$A$64,0)),"")="Issue"))) | S28: =IF(Tables!A13="","",Tables!A13) | T28: =IF(Tables!A13="","",Tables!B13) | U28: =IF(Tables!A13="","",Tables!C13) | V28: =IF(Tables!A13="","",Tables!I13) | W28: =IF(Tables!A13="","",Tables!J13) | X28: =IF(Tables!A13="","",Tables!K13) | Y28: =IF(Tables!A13="","",Tables!L13)
A29: =IF(Fields!A14="","",Fields!A14) | B29: =IF(Fields!A14="","",Fields!B14) | C29: =IF(Fields!A14="","",Fields!C14) | D29: =IF(Fields!A14="","",Fields!F14) | E29: =IF(Fields!A14="","",Fields!J14) | F29: =IF(Fields!A14="","",Fields!K14) | G29: =IF(Fields!A14="","",Fields!I14) | H29: =IF(Fields!A14="","",Fields!M14) | I29: =IF(Fields!A14="","",Fields!N14) | K29: =IF(Metrics!A14="","",Metrics!A14) | L29: =IF(Metrics!A14="","",Metrics!B14) | M29: =IF(Metrics!A14="","",Metrics!G14) | N29: =IF(Metrics!A14="","",Metrics!I14) | O29: =IF(Metrics!A14="","",Metrics!J14) | P29: =IF(Metrics!A14="","",SUMPRODUCT(('Metric to Field'!$A$5:$A$64=Metrics!A14)*(IFERROR(INDEX(Fields!$I$5:$I$64,MATCH('Metric to Field'!$B$5:$B$64,Fields!$A$5:$A$64,0)),"")="Issue"))) | S29: =IF(Tables!A14="","",Tables!A14) | T29: =IF(Tables!A14="","",Tables!B14) | U29: =IF(Tables!A14="","",Tables!C14) | V29: =IF(Tables!A14="","",Tables!I14) | W29: =IF(Tables!A14="","",Tables!J14) | X29: =IF(Tables!A14="","",Tables!K14) | Y29: =IF(Tables!A14="","",Tables!L14)
A30: =IF(Fields!A15="","",Fields!A15) | B30: =IF(Fields!A15="","",Fields!B15) | C30: =IF(Fields!A15="","",Fields!C15) | D30: =IF(Fields!A15="","",Fields!F15) | E30: =IF(Fields!A15="","",Fields!J15) | F30: =IF(Fields!A15="","",Fields!K15) | G30: =IF(Fields!A15="","",Fields!I15) | H30: =IF(Fields!A15="","",Fields!M15) | I30: =IF(Fields!A15="","",Fields!N15) | K30: =IF(Metrics!A15="","",Metrics!A15) | L30: =IF(Metrics!A15="","",Metrics!B15) | M30: =IF(Metrics!A15="","",Metrics!G15) | N30: =IF(Metrics!A15="","",Metrics!I15) | O30: =IF(Metrics!A15="","",Metrics!J15) | P30: =IF(Metrics!A15="","",SUMPRODUCT(('Metric to Field'!$A$5:$A$64=Metrics!A15)*(IFERROR(INDEX(Fields!$I$5:$I$64,MATCH('Metric to Field'!$B$5:$B$64,Fields!$A$5:$A$64,0)),"")="Issue"))) | S30: =IF(Tables!A15="","",Tables!A15) | T30: =IF(Tables!A15="","",Tables!B15) | U30: =IF(Tables!A15="","",Tables!C15) | V30: =IF(Tables!A15="","",Tables!I15) | W30: =IF(Tables!A15="","",Tables!J15) | X30: =IF(Tables!A15="","",Tables!K15) | Y30: =IF(Tables!A15="","",Tables!L15)
A31: =IF(Fields!A16="","",Fields!A16) | B31: =IF(Fields!A16="","",Fields!B16) | C31: =IF(Fields!A16="","",Fields!C16) | D31: =IF(Fields!A16="","",Fields!F16) | E31: =IF(Fields!A16="","",Fields!J16) | F31: =IF(Fields!A16="","",Fields!K16) | G31: =IF(Fields!A16="","",Fields!I16) | H31: =IF(Fields!A16="","",Fields!M16) | I31: =IF(Fields!A16="","",Fields!N16) | K31: =IF(Metrics!A16="","",Metrics!A16) | L31: =IF(Metrics!A16="","",Metrics!B16) | M31: =IF(Metrics!A16="","",Metrics!G16) | N31: =IF(Metrics!A16="","",Metrics!I16) | O31: =IF(Metrics!A16="","",Metrics!J16) | P31: =IF(Metrics!A16="","",SUMPRODUCT(('Metric to Field'!$A$5:$A$64=Metrics!A16)*(IFERROR(INDEX(Fields!$I$5:$I$64,MATCH('Metric to Field'!$B$5:$B$64,Fields!$A$5:$A$64,0)),"")="Issue"))) | S31: =IF(Tables!A16="","",Tables!A16) | T31: =IF(Tables!A16="","",Tables!B16) | U31: =IF(Tables!A16="","",Tables!C16) | V31: =IF(Tables!A16="","",Tables!I16) | W31: =IF(Tables!A16="","",Tables!J16) | X31: =IF(Tables!A16="","",Tables!K16) | Y31: =IF(Tables!A16="","",Tables!L16)
... A79: =IF(Fields!A64="","",Fields!A64) | B79: =IF(Fields!A64="","",Fields!B64) | C79: =IF(Fields!A64="","",Fields!C64) | D79: =IF(Fields!A64="","",Fields!F64) | E79: =IF(Fields!A64="","",Fields!J64) | F79: =IF(Fields!A64="","",Fields!K64) | G79: =IF(Fields!A64="","",Fields!I64) | H79: =IF(Fields!A64="","",Fields!M64) | I79: =IF(Fields!A64="","",Fields!N64) | K79: =IF(Metrics!A64="","",Metrics!A64) | L79: =IF(Metrics!A64="","",Metrics!B64) | M79: =IF(Metrics!A64="","",Metrics!G64) | N79: =IF(Metrics!A64="","",Metrics!I64) | O79: =IF(Metrics!A64="","",Metrics!J64) | P79: =IF(Metrics!A64="","",SUMPRODUCT(('Metric to Field'!$A$5:$A$64=Metrics!A64)*(IFERROR(INDEX(Fields!$I$5:$I$64,MATCH('Metric to Field'!$B$5:$B$64,Fields!$A$5:$A$64,0)),"")="Issue"))) | S79: =IF(Tables!A64="","",Tables!A64) | T79: =IF(Tables!A64="","",Tables!B64) | U79: =IF(Tables!A64="","",Tables!C64) | V79: =IF(Tables!A64="","",Tables!I64) | W79: =IF(Tables!A64="","",Tables!J64) | X79: =IF(Tables!A64="","",Tables!K64) | Y79: =IF(Tables!A64="","",Tables!L64)
